url,published,title,content,lang,source_type,extra_author_attributes.name,brand_mentions,brand_count,is_multi_brand,content_length,has_negative_kw,source_category
http://instagram.com/reel/C6LQUgoyjRB,24/04/25 16:22:39,,提供：味の素株式会社 #PR #味の素KK #ほんだし お塩控えめのほんだしはこちら https://www.ajinomoto.co.jp/products/detail/?ProductName=hondashi_1 ーーー ◾️具材◾️（２人前） うどん ２玉 キャベツ ２００g 豚バラ肉 １50g ■タレ■ みりん 大さじ１ 酒 大さじ１ 醤油 大さじ１ お塩控えめのほんだし 小さじ２ ごま油 大さじ1 水 大さじ２ 塩 ２つまみほど,ja,"SOCIALMEDIA,SOCIALMEDIA_INSTAGRAM",,"味の素,ほんだし",2,True,223,False,twitter
https://bsky.app/profile/did:plc:pjcek5qaoamijpmedlmbzwrg/post/3lme75cn7342u,25/04/09 13:55:14,,あなたの“みそ汁”を知っていますか？「ほんだし®」の新動画と復刻版が登場！ #味の素 #ほんだし® #みそ汁会議 家族の温もりを感じられる「みそ汁」をテーマにした「ほんだし®」の新動画が公開！洒落た復刻デザインの商品も要チェック！,ja,"SOCIALMEDIA,SOCIALMEDIA_BLUESKY",Ladytopi（レディトピ）ニュース＠相互フォロー100%,"味の素,ほんだし",2,True,115,False,twitter
http://twitter.com/berry4830/status/2009980179305902092,26/01/10 22:26:33,,"めーちゃ楽しかった！ご来場&盛り上がっていただきありがとうございました！ #2dExpo 明日も #声アソ でいーぱい騒いでいいってマジで最高の週末すぎる！！女性声優のアクリルスタンド持っていくぞ！ https://t.co/2B2iTCwzy2 QT @kMa_aDH: 📢 情 報 公 開 📢 声優楽曲DJイベント 『Voice Assort vol.2』 📅2026/1/11(日) 13:00- 📍GOLDEN PIGS YELLOW STAGE(新潟市) 🏷#声アソ 🎫3,000円(1D付) 🔗https://t.co/ZzEi6FO3oF 📀出演者(五十音順)💿 ・あいなま ・いはら ・かしま ・クロド ・しょうりん ・たに ・ほんだし ・りぶーん https://t.co/7LugCbq2r9",ja,"SOCIALMEDIA,SOCIALMEDIA_TWITTER",ほーむべーす（あいなま）,ほんだし,1,False,356,False,twitter
https://recipe.rakuten.co.jp/recipe/1310008361/,25/01/03 07:54:44,美味しい豚汁の作り方。 レシピ・作り方 by Kmama3682,美味しい豚汁の作り方。Kmama3682  水 / ５００cc  ほんだし / 小さじ１/２  味噌 / 大さじ１と１/２  豚バラ肉 / ５０ｇ  豆腐 / 小１パック  ニラ / １本  簡単で美味しい豚汁の作り方です。,ja,"ONLINENEWS,ONLINENEWS_OTHER","rakuten group, inc.",ほんだし,1,False,112,False,news
https://grapee.jp/1878849,25/03/17 13:00:58,白だしの代用を『ほんだし』で作る際の分量と作り方！ポイントや注意点も解説,白だしの代用を『ほんだし』で作る際の分量と作り方！ポイントや注意点も解説  2025-03-17 2025-03-17,ja,"BLOG,BLOG_OTHER",grape bian ji bu,ほんだし,1,False,59,False,blog
https://news.nifty.com/article/item/gourmet/12377-3520691/,24/10/31 13:28:03,【最強の配合比】どう作っても旨いツナマヨを「至高のツナマヨにする方法」をお試し！必殺の隠し味とは!?,リュウジさんがツナマヨを最高においしくする方法を公開。ツナ缶、マヨネーズに加え、味の素「ほんだし」と「ピュアセレクトマヨネーズ」を使うことがポイントだという。 作り方は簡単で、ツナ缶にマヨネーズと「ほんだし」を混ぜ、目玉焼きを作りトッピングするだけ。「ほんだし」で和のテイストが加わり、「ピュアセレクトマヨネーズ」の酸味のまろやかさがご飯によりなじむ。 仕上げにはのりや七味唐辛子などを加えると更においしい。ペッパーソースを加えると爽やかな酸味と辛味が楽しめる。リュウジさんおすすめの最高のツナマヨ丼...,ja,"ONLINENEWS,ONLINENEWS_OTHER",©nifty corporation,"味の素,ほんだし,ピュアセレクト",3,True,253,False,news
https://bsky.app/profile/did:plc:t25oqb65nmkuovd4ygooml2b/post/3mag5ue4d5k2i,25/12/20 21:01:35,,デェコン デェコン (レシピに30分置いて味を染み込ませるように書かれているが味見したらほんだしの味しかしないため量を間違えたと思われる),ja,"SOCIALMEDIA,SOCIALMEDIA_BLUESKY",アイバ,ほんだし,1,False,69,False,twitter
https://blog.goo.ne.jp/kingfisher_20140728/e/c55cf2cd458add353ddb6e942bc26b4d,24/06/02 08:35:06,2024.6.8. お昼に、なっちゃった！ - 忙しくない人の、独り言（閻魔の笑い顔）,洗濯槽洗浄、タイマーが、、、残・30分を指している  おっ、、、13時過ぎには、終わるのかな？  第３世代のヨーグルト、、、ちょっと、のぞき見  表面が、良い具合になってきた  こっちも、、、13時前後には、出来上がるかな！？  そんな日の朝ご飯、いゃいゃいゃ・・・  お昼ご飯、、、それが、コレ！  この、クソ暑い最中に、、、熱々のスープ・・・狂っている  どんぶりスープ  ゆで玉子・厚揚げ・タマネギ・ニンジン・ジャガイモ・キャベツ  ・ブロッコリー・ワカメ  味付けは、ほんだし顆粒・ガラスープ...,ja,"BLOG,BLOG_OTHER",ri ji,ほんだし,1,False,253,False,blog
https://detail.chiebukuro.yahoo.co.jp/qa/question_detail/q10318304895,25/08/04 15:13:00,これだけの調味料を購入するには、どれくらい費用が掛かりますか？ おおよそでいいので教えて欲しいです。 よろしくお願いいたします。 ・ごま油 1つ ・キャノーラ油 2つ ・ラー油 1つ,これだけの調味料を購入するには、どれくらい費用が掛かりますか？ おおよそでいいので教えて欲しいです。 よろしくお願いいたします。 ・ごま油 1つ ・キャノーラ油 2つ ・ラー油 1つ ・マヨネーズ 2つ ・ケチャップ 1つ ・粉チーズ 1つ ・液みそ 2つ ・味の素 1つ ・味の素詰め替え 1つ ・鶏がらスープの素 1つ ・コンソメスープの素 キューブ 1つ ・本だし 1つ ・片栗粉 1つ ・小麦粉 1つ ・焼肉のタレ 2つ ・黒コショウ 2つ ・七味唐辛子 2つ ・チューブ生姜 1つ ・ソース...,ja,"MESSAGEBOARD,MESSAGEBOARD_OTHER",匿名,"味の素,ほんだし,コンソメ,丸鶏がらスープ",4,True,253,False,messageboard
https://dime.jp/company_news/detail/?pr=2114999,25/03/25 15:55:18,今年の夏も猛暑予報！日本は四季から「五季」へ。新しい季節「まだなつ」が出現 夏の長期化による暮らしのモチベーション低下や、料理のマンネリを解決！味の素(株)「五季そうさまプロジェクト」発足,～食材の旬や需要の変化に対応した、新しい食提案「まだなつレシピ」を「ほんだし(R)」が公開～  味の素株式会社(社長：中村 茂雄 本社：東京都中央区)は、気候変動の影響で長引く夏と食材の旬の変化に着目し、夏と秋の間の暑い時期を新たに五番目の季節「まだなつ」と名付け、この季節を楽しく、快適に過ごしていただくために、「五季そうさまプロジェクト」(以下、本プロジェクト）を、2025年3月25日（火）より始動します。 https://prcdn.freetls.fastly.net/release_im...,ja,"ONLINENEWS,ONLINENEWS_OTHER",Shogakukan Inc.,"味の素,ほんだし",2,True,253,False,news
http://twitter.com/h_inthek/status/2010678385903821101,26/01/12 20:40:58,,@8bekota いつもは、ほんだしやだしパックなのですが、やっぱり一からやると味に深みが出るような気がします😌,ja,"SOCIALMEDIA,SOCIALMEDIA_TWITTER",Haruhi,ほんだし,1,False,56,False,twitter
https://lavender.5ch.net/test/read.cgi/male/1745238624/422,25/04/24 18:06:27,雑談 おちんこの南、アナルの西,>>413   味付けはほんだし？,ja,"MESSAGEBOARD,MESSAGEBOARD_OTHER",,ほんだし,1,False,17,False,messageboard
http://toro.2ch.sc/test/read.cgi/shar/1743081558/243,25/04/03 03:04:04,【ﾁｬｯﾄ・age厳禁】 デス種失敗の理由 Part3037,日テレ、バラエティのインタビュー捏造に続いて、今度はこれか。幸いにしてBSでも放送決定したから録画保存派はそちらで凌げそうだが  >>242 ブラザー、恐ろしいことを教えてやろう。極端な自然派のアンチもいるにはいるが、大半奴らは「味の素」とか「化学調味料」には青筋を立てて激昂するが、「うま味調味料」と言い直すとスルーする率が格段に跳ね上がるんだ   さらには「ほんだし」や「顆粒昆布出汁」や「味付き塩コショウ」を使っていることに何の疑問も持たない奴すらいるんだ   ※結局イメージに脊髄反射している...,ja,"MESSAGEBOARD,MESSAGEBOARD_OTHER",sage,"味の素,ほんだし",2,True,253,True,messageboard
https://bsky.app/profile/did:plc:t5trlxejbife3f4cmmyxnp4h/post/3mbgjin75d225,26/01/02 17:54:58,,こうしてみると意外に上手くいったのでは？ 麺をほんだし入れたダシで茹でて、かき揚げに油かけて焼いてで完結。,ja,"SOCIALMEDIA,SOCIALMEDIA_BLUESKY",加藤ケイ,ほんだし,1,False,53,False,twitter
http://twitter.com/skybe1_/status/2008905186870505805,26/01/07 23:14:54,,身体に良さそうです！明日やります！ありがとうございます♪ https://t.co/shKSc3e5nK QT @ryon2sensei: わかめ ちくわ 梅干し（タネ取る） ごま を油と 私の長年のお気に入りの 『ヤマキ昆布だし』 をかけて炒めるだけ 超美味しいです😋 （梅干しはなくても美味しい） 納豆と白菜は 油と醤油とほんだしで 炒めただけ 超美味しいよん （我が家の定番） ずぼら飯かな 笑 https://t.co/nTL62afIfO,ja,"SOCIALMEDIA,SOCIALMEDIA_TWITTER",水風呂🌞🐬🌹💫,ほんだし,1,False,224,False,twitter
http://twitter.com/shiroponpon1/status/2006008773689880754,25/12/30 23:25:36,,大晦日イブ… えびすくんの「超簡単絶品年越しそば」をフライング調理。ほんだしが効いて即席とは思えんつゆで美味い！ ベースがしっかりしてるのでかつお粉・みりんを加えれば好きな箱根そば風のつゆにも出来るかも✨ #えびすごはん https://t.co/kHpVh4Auuj,ja,"SOCIALMEDIA,SOCIALMEDIA_TWITTER",shiropon,ほんだし,1,False,134,False,twitter
http://toro.2ch.sc/test/read.cgi/nenga/1752764981/941,25/10/19 20:22:58,【早期】郵政や〜めた♪32【退職】,カツオ風味のふんどし～♫♬  YouTube 「味の素 ほんだし女房 池内淳子」 で検索な,ja,"MESSAGEBOARD,MESSAGEBOARD_OTHER",〒□□□-□□□□sage,"味の素,ほんだし",2,True,45,False,messageboard
https://asahi.5ch.net/test/read.cgi/newsplus/1737717331/27,25/01/25 04:21:38,【漁業】ラーメン店が悲鳴 カタクチイワシ不漁 煮干しラーメンはどうなるのか [シャチ★],ほんだしぶっこめ,ja,"MESSAGEBOARD,MESSAGEBOARD_OTHER",,ほんだし,1,False,8,False,messageboard
http://pinterest.com/pin/407294360068717485,24/03/30 21:18:13,焼き豆腐えだまめ #新生活2024,焼き豆腐えだまめ 【使用食材】 枝豆→たくさん 木綿豆腐→1丁 【調味料】 塩→小さじ半分 胡椒→お好み 胡麻→お好み ほんだし→小さじ1 片栗粉→大さじ1 粉チーズ  #ほんだし  #粉チーズ  #お酒に合う  #豆腐レシピ  #枝豆レシピ  #ゆるめし店長,ja,"SOCIALMEDIA,SOCIALMEDIA_PINTEREST",yurumeshitencho,ほんだし,1,False,130,False,twitter
https://www.magmoe.com/1616619/celebrity/2024-06-17/,24/06/18 04:00:04,賀来賢人、子どもにお弁当を作るも大ブーイング？「まだまだ妻には勝てない…」 “ひたすら食べる”新CMに大満足 「ほんだし」新TVCM「『ほんだし』釜玉パスタ」篇,賀来賢人、子どもにお弁当を作るも大ブーイング？「まだまだ妻には勝てない…」 “ひたすら食べる”新CMに大満足 「ほんだし」新TVCM「『ほんだし』釜玉パスタ」篇  本だしを味噌汁以外に使ったことのない あなた実にもったいない例えば本だしを パスタに会えるだけで鰹節の香り がカの香りがぶわっとそれは本田が本物の 鰹節を使っているから和風メニューに めちゃめちゃ使えるあなたもぜひぜひぜひ 削りたて香る本味わい色々 リブで途中なんかアクセント言ったでこ本 で叩いたりとかそれセリフのタイミングで 僕言い...,ja,"BLOG,BLOG_OTHER",MAGMOE,ほんだし,1,False,253,False,blog
http://twitter.com/FW11B_Red5/status/2002483508825239800,25/12/21 05:57:27,,ほんだしとうすくち醤油さえあれば、かなり救われる。,ja,"SOCIALMEDIA,SOCIALMEDIA_TWITTER",FW11B,ほんだし,1,False,25,False,twitter
http://twitter.com/yuzucancann/status/2009575467528126861,26/01/09 19:38:22,,ほんだしポトフに小麦粉と牛乳入れてシチューにした🍴✨ https://t.co/0oVhQcEbax,ja,"SOCIALMEDIA,SOCIALMEDIA_TWITTER",✨⚜️ユキさん⚜️✨,ほんだし,1,False,50,False,twitter
http://twitter.com/4649t2000boys/status/2006190123977966028,25/12/31 11:26:13,,年内の買い出し終了_φ(･_･ 掃除は後掃除機かけるだけ_φ(･_･ 年越し蕎麦食うべ( ･ิω･ิ) ダシはめんつゆ、昆布だし、ほんだし...ん？なんか...🤔 https://t.co/ExrLvyY7Qg,ja,"SOCIALMEDIA,SOCIALMEDIA_TWITTER",ののむら親方,ほんだし,1,False,105,False,twitter
https://ramendb.supleks.jp/review/1734501.html,24/06/25 15:33:45,『和節とんこつ醤油つけ麺大盛り+大盛り+メンマ』ラーメン山岡家 大泉店のレビュー,麺が細い。つけ汁はやたら甘いし、ほんだしを入れた感じ。いつもの山岡家の味とは違ってパンチが無いから物足りない。あと、つけ汁のほうれん草は必要ある？残念な気持ちになったから、もう食べる事は無いかな。,ja,"ONLINENEWS,ONLINENEWS_OTHER",yanonako,ほんだし,1,False,98,False,news
http://instagram.com/p/DMPCUNQyt-2,25/07/18 13:00:16,,＿＿＿＿ ▸▹ 豚バラと茄子の煮麺 ᘏ⑅ᘏଓ˚ ୨୧┈┈┈┈┈┈┈┈┈┈┈┈┈┈┈┈┈┈┈┈┈┈┈୨୧ 【 材料 】 大人2人、子供2人前くらい ▶茄子･･･1~2本 ▶豚バラ･･･200g（ガッツリなら300gで！◎） ▶ごま油･･･大さじ1.5 ▶そうめん･･･4束 ▶万能ねぎ･･･あれば適量 〖 A 〗 ▶水･･･600cc ▶めんつゆ2倍濃縮･･･大さじ8（120cc） ▶ほんだし･･･小さじ1 ▶醤油･･･小さじ2 ▶みりん･･･大さじ2 ୨୧┈┈┈┈┈┈┈┈┈┈┈┈┈┈┈┈┈┈┈┈┈┈┈୨୧ 【 作り方 】 ❶鍋にたっぷりの水を入れて湯を沸かす ⇒沸騰したらそうめんをいれ、火を止め蓋をして5分 ⇒5分経ったら冷水でしめてしっかり水気をきる ❷茄子は乱切りにし、豚バラ肉は5cm幅に切る ❸フライパンにごま油をひき、❷を中火で炒める ⇒火が通ったら〖 A 〗を加え一煮立ちさせ、火を止める ❹そうめんを器にいれて❸をかけ お好みでネギや一味をトッピングしたら完成 ᙏ̤̫❤︎ ୨୧┈┈┈┈┈┈┈┈┈┈┈┈┈┈┈┈┈┈┈┈┈┈┈୨୧ 【 MEMO 】 ▶moto（もと）さんのレシピ参考𓂃𓂂ꕤ*.ﾟ ▶七夕だったので（？）素麺メニューを☺︎⟡.·*. ▶飾りの星がみつからなくて、お花で❁ ୨୧┈┈┈┈┈┈┈┈┈┈┈┈┈┈┈┈┈┈┈┈┈┈┈୨୧ #料理記録 #作ってみた #おうちごはん #今日のおかず #今日の夜ごはん #夜ごはん #和食おかず #和食ごはん #今日のごはん #そうめん #にゅうめん #煮麺 #そうめんレシピ,ja,"SOCIALMEDIA,SOCIALMEDIA_INSTAGRAM",,ほんだし,1,False,672,False,twitter
https://bsky.app/profile/did:plc:bemgeeyogoxngrj35m77dbdz/post/3m6eps7i7a225,25/11/24 20:26:47,,鶏がらスープの素とかほんだしとかコンソメとか、やっぱ入れないとダメなんだな〜,ja,"SOCIALMEDIA,SOCIALMEDIA_BLUESKY",ねぎま,"ほんだし,コンソメ,丸鶏がらスープ",3,True,38,False,twitter
https://blog.goo.ne.jp/okatama164/e/9e13cda9d6effc226a495bde779f56ee,24/11/26 18:28:02,今日の晩御飯 - おかやん二人三脚,今日は”カシワ・スイートチリマヨ”です  カシワは軽く塩胡椒と片栗粉  スイートチリ 砂糖：酢：豆板醬＝2：1：適宜  具材(しめじ＋ピーマン＋玉ねぎ)に にんいくを加えて  スイートチリ：ケチャ：味醂：生姜＝2：1：1：S1：適宜  甘くてピリ辛が美味しい  それに”京揚げ・豆腐卵綴じ”  具材(京揚げ＋豆腐(150g)）  水100㏄ 卵＝1個  醤油：味醂：砂糖：ほんだし＝1：1S2：S1  何時もは ほんだし無しですが有る方が良いですね,ja,"BLOG,BLOG_OTHER",okatama164,ほんだし,1,False,224,False,blog
https://straightpress.jp/company_news/detail?pr=000000094.000092524,25/04/09 20:11:02,意外と知らない？大切な人が“一番好きなみそ汁”のこと。「ほんだし(R)」60g瓶 復刻デザイン 発売記念ムービー 味の素(株)「ほんだし(R)」、「二人のみそ汁会議」公開,新婚夫婦３組が、みそ汁を通してお互いのルーツや好みを共有  味の素株式会社(社長：中村 茂雄 本社：東京都中央区)は、香り・コク・味わいに優れた3種のかつお節を使用した、和風だしの素「ほんだし(R)」の発売当初のパッケージデザイン商品「『ほんだし(R)』60g瓶 復刻デザイン」の限定発売を記念して、WEBムービー「二人のみそ汁会議」篇を、2025年4月9日より公開します。  「二人のみそ汁会議」ムービー概要  今年で発売55周年を迎える「ほんだし(R)」から、発売当初のパッケージデザインが蘇った...,ja,"BLOG,BLOG_OTHER",,"味の素,ほんだし",2,True,253,False,blog
https://news.biglobe.ne.jp/economy/0409/prt_250409_9316650624.html,25/04/09 13:44:00,意外と知らない？大切な人が“一番好きなみそ汁”のこと。「ほんだし(R)」60g瓶 復刻デザイン 発売記念ムービー 味の素(株)「ほんだし(R)」、「二人のみそ汁会議」公開,意外と知らない？大切な人が“一番好きなみそ汁”のこと。「ほんだし(R)」60g瓶 復刻デザイン 発売記念ムービー 味の素(株)「ほんだし(R)」、「二人のみそ汁会議」公開  新婚夫婦３組が、みそ汁を通してお互いのルーツや好みを共有  味の素株式会社(社長：中村 茂雄 本社：東京都中央区)は、香り・コク・味わいに優れた3種のかつお節を使用した、和風だしの素「ほんだし(R)」の発売当初のパッケージデザイン商品「『ほんだし(R)』60g瓶 復刻デザイン」の限定発売を記念して、WEBムービー「二人のみそ...,ja,"ONLINENEWS,ONLINENEWS_OTHER",copyright(c)biglobe inc.,"味の素,ほんだし",2,True,253,False,news
https://bsky.app/profile/did:plc:2zyxjysmetrxusonoa2xi5ma/post/3lstfargnu22r,25/06/30 23:25:41,,【羅姬姉の食卓】 晩ごはんは京の番茶で お茶漬セット 【羅姬姉のレシピ】 玄米もち麦ご飯に 錦市場で買ってきた京番茶ほんだし入り 焼き栃尾揚げ みぞれなめ茸 きゃらぶき いたわさ 甘味にみつまめ デザートはりんご お酒は 水無月の祓の日だから 淡海の「多賀」純米吟醸,ja,"SOCIALMEDIA,SOCIALMEDIA_BLUESKY",天爵露城(羅姬・鷺姫),ほんだし,1,False,133,False,twitter
http://twitter.com/tabemonobakka/status/2002737655537357080,25/12/21 22:47:20,,生臭そう https://t.co/U9JWj9WAjp QT @hamagohan_r: スーパーの半額マグロが、驚くほどごちそうに。 切って和えるだけなのに、ほんだしのうま味でコクがぐっと引き立つ。 https://t.co/7p7GMOJVVe,ja,"SOCIALMEDIA,SOCIALMEDIA_TWITTER",佐藤ちゃん,ほんだし,1,False,125,False,twitter
https://lavender.5ch.net/test/read.cgi/whis/1719235292/635,24/09/14 01:38:32,食物と酒、嗜好品の歴史＠世界史板 113皿目,味の素よりほんだしが後輩ってなんかバグった感じ   でも戦前だと出汁は素材を煮出して一から取るのが当たり前で、化学合成の味の素は文化の味ということで、出汁素材そのものの加工食品化は案外誰も考えなかったんだろうな,ja,"MESSAGEBOARD,MESSAGEBOARD_OTHER",,"味の素,ほんだし",2,True,105,False,messageboard
http://twitter.com/hayashimiching/status/2008532213860888621,26/01/06 22:32:51,,めっちゃ食った…蕎麦欲満たされたぁ、、、😇 因みに本日は豚ロースの薄切り、キムチ、しめじをほんだしで蒸し煮にした後、更にほんだしと根昆布出汁を足して醤油と料理酒少々、隠し味にリンゴ酢入れて仕上げた汁を十割蕎麦にたっぷりかけて、追い討ちで大根おろしとネギをたっぷり♡ 美味かったぁ！,ja,"SOCIALMEDIA,SOCIALMEDIA_TWITTER",電波中年はやしみち,ほんだし,1,False,140,False,twitter
http://twitter.com/ponkan2026/status/2011402083115860035,26/01/14 20:36:41,,[適当味噌汁] 玉ねぎ、エリンギ、ほんだし、液味噌、水 「具沢山味噌汁」キー 味噌汁の具は2種類以上が入っていればもう合格 #ホットクック https://t.co/50BnvLXhsK,ja,"SOCIALMEDIA,SOCIALMEDIA_TWITTER",ponkan@ホットクック,ほんだし,1,False,93,False,twitter
https://bsky.app/profile/did:plc:shrdjuf4qsbtpqsx6nxokfdw/post/3lsklm7f7jc24,25/06/27 11:25:30,,色々ありがとうございます……🙏 暫くは「ほんだし」の代用にと考えているので、昆布水作り置けるとしたら大変ありがたいです。 また調べてやってみます！,ja,"SOCIALMEDIA,SOCIALMEDIA_BLUESKY",Millie May みりめい,ほんだし,1,False,73,False,twitter
http://twitter.com/dokka_p/status/2011428045744431464,26/01/14 22:19:51,,3月インテあるのぉ！ほんだしたいよ〜ん,ja,"SOCIALMEDIA,SOCIALMEDIA_TWITTER",どっかの観葉植物,ほんだし,1,False,19,False,twitter
http://instagram.com/p/DRmi6H3ElJj,25/11/28 22:44:34,,紅葉が綺麗な季節🍁 11月！まなべびキッチンアンバサダーの活動🍳 「やさしお®」とヒラマサ🐟を使って炊き込みご飯を作っていきます！！ 【材料大人2人＋幼児1】 ◽︎ご飯 2合 ◽︎水 適量 ◽︎ヒラマサ 半身 ◽︎しめじ 60g ◽︎ミニトマト ３つ ◽︎醤油 大さじ1 ★ ◽︎みりん 大さじ1★ ◽︎料理酒 大さじ1 ★ ◽︎「お塩控えめの・ほんだし®」 小さじ1★ ◽︎砂糖 小さじ1★ ◽︎やさしお® 適量★ 🥗作り方 ①まずお米をとぎ30分水に浸す ②しめじをばらして、ミニトマトのヘタを取る。 ③炊飯器に★を入れて軽く混ぜる ④お米の上にヒラマサとしめじとミニトマトをのせて炊飯する。 ⑤盛り付けたら完成！ 味が薄いときは「やさしお®」をかけて食べるとより美味しいです！！ 2歳の息子がお魚大好きで、最近ご飯食べる量が減っていたんですが、お茶碗一杯完食できるほど美味しかったです！！ また、息子はトマトを絶対食べないんですが、炊き込みご飯の中にトマトを入れると食べてくれるので嬉しいです！！ 入れすぎるとトマトの酸味が出るので多くても３つくらいがおすすめです！！ ぜひ作ってみてね🥘 ***************************** 妊娠・出産・育児を楽しく学ぶ『まなべび』 [WEBサイト] https://manababy.jp/ ***************************** #PR #味の素KK #まなべびキッチン公式アンバサダー #まなべび #スマ塩 #スマ塩レシピ #減塩レシピ #離乳食レシピ研究所公式アンバサダー,ja,"SOCIALMEDIA,SOCIALMEDIA_INSTAGRAM",,"味の素,ほんだし",2,True,682,False,twitter
https://blog.goo.ne.jp/okatama164/e/ee910c57219d9842329ff3d133ff5590,25/08/08 19:00:41,今日の晩御飯 - おかやん二人三脚,今日は”豚・じゃがピー青椒肉絲風”です  豚は 醤油：酒：片栗粉＝各S1 下味  じゃがは先にレンチン(600w＊1分)下処理  具材(じゃが＋ピーマン)を加えて  オイス：醤油：酒：砂糖：味王＝1：S1：4：S2：適宜  それに”だし巻き卵(冷)”  卵：水：ほんだし＝2：2：S1  水が入る事で簡単にふわっと仕上がります  味変で めんスープ掛けもしました  甘め好きなら 水：味醂＝各1 も良いかな,ja,"BLOG,BLOG_OTHER",okatama164,ほんだし,1,False,203,False,blog
http://twitter.com/korukutori/status/2003461747819315283,25/12/23 22:44:37,,塩抜きしないと食えね〜！ってくらいしょっぱい梅干し、ペロッて舐めたら（美味い）って思ったくらいには塩分低下してたんか…？うまいよ…ほんだしうめぼし汁…,ja,"SOCIALMEDIA,SOCIALMEDIA_TWITTER",こるく鳥,ほんだし,1,False,75,False,twitter
http://twitter.com/shiracchi_diet/status/2002161378602500397,25/12/20 08:37:25,,レシピ↓ ■材料(5食分) キャベツ 1玉 もやし １袋 鶏がらスープ 小さじ1 ほんだし 小さじ1 醤油 大さじ2 みりん 大さじ2 酒 大さじ2 お湯 500ml 豚バラ 150g ニラ 1束 ガーリックスライス 大さじ３ 白いりごま 大さじ１ 唐辛子 ひとつまみ程度 ■作り方 １．ニラを4cm幅で切る、キャベツをちぎり分ける ２．鍋にキャベツ〜お湯まで入れたら豚バラ、ニラ、ガーリックスライス、入りごま、唐辛子を並べる 3．鍋に蓋をして具材がしんなりしてきたら完成！,ja,"SOCIALMEDIA,SOCIALMEDIA_TWITTER",しらっち/ウマ痩せレシピ🍳,"ほんだし,丸鶏がらスープ",2,True,237,False,twitter
http://twitter.com/PatyPuchan/status/2009607157633998902,26/01/09 21:44:17,,カレーとかの煮込み系の料理のときアク取りしないなぁ。苦いとかエグいとかじゃなければ旨味だし、見た目の澄んでる状態とかカレーには関係ないし。 https://t.co/fsY6HXpYrf QT @ajihakase: 【朗報】アク取り作業は逆効果だったことが味覚センサーで証明される。 ほんだしのみと野菜＋だしでアク取りの有無で差が出るか計測しました。結果 1.「ほんだしのみ」ではアク取りをしようがしまいが味への影響はほとんどなかった 2.「野菜＋だし」では、アク取りをしない方が旨味とコクがアップした https://t.co/KFEkCCvhEp,ja,"SOCIALMEDIA,SOCIALMEDIA_TWITTER",ぱてぃ,ほんだし,1,False,276,False,twitter
http://instagram.com/reel/C73JKMYyqdW,24/06/06 14:07:55,,夏野菜といえば、トマト🍅 真っ赤に熟してずっしりと重い大きなトマトを見つけるとサラダを作ります🤗 トマト好きには堪らないと思います🥰 毎日でも食べたくなるので、『恋するトマトサラダ』とネーミングしました😘 イタリアンサラダなのですが、隠し味にはなんと「ほんだし®」が入ってます❣️ 実はトマトと鰹節の相性は抜群なんですよ。 日本で味わうイタリアンサラダ、是非試して下さいね🙏 ✨トマトに恋するサラダ✨ 材料 完熟トマト 大1個 青紫蘇 3枚 粉チーズ 大さじ2 エクストラバージンオリーブオイル 大さじ2 レモン果汁 大さじ1 「ほんだし®」 小さじ1/2 塩 小さじ1/4 黒胡椒 適量 作り方 1️⃣トマトは綺麗に洗って半分に切ってヘタを切り、薄切りする。器に並べる。 2️⃣青紫蘇は綺麗に洗ってくるくる巻いて、細切りする。トマトの上に散らす。 3️⃣器にオリーブオイル、レモン果汁、「ほんだし®」、塩小さじを入れて乳化するまで良く混ぜる。 4️⃣ドレッシングを全体にかける。粉チーズを振り掛け、黒胡椒を振ったら完成。冷蔵庫で冷やして召し上がれ。 いかがでしょうか❓ 切って混ぜて掛けるだけ、とても簡単です❣️ 保存して作ってみて下さいね🤗 #PR #だしうまサラダ #サラダ,ja,"SOCIALMEDIA,SOCIALMEDIA_INSTAGRAM",,ほんだし,1,False,540,False,twitter
https://recipe.rakuten.co.jp/category/12-103-514/stock174/,24/01/23 01:29:11,「わさび菜」を使った作り置き料理レシピまとめ｜楽天レシピ,わさび菜 × 漬物  わさび菜は、からし菜の仲間で、フリル状の葉とピリッとした辛みが特徴です。 生のまま、サラダに使うのはもちろんですが、すぐに食べないときには、漬物にすると日持ちします。 清潔な器具と容器を使って作り、冷蔵庫で保存しましょう。  わさび菜の浅漬け  冷凍保存 お弁当  アレンジ  冷蔵保存 5日間  わさび菜、ほんだし、塩、いりゴマ（白）  by □うみ□ つくったよ4  アレンジレシピ  わさび菜とじゃこの混ぜご飯 by 日比埜和花  わさび菜のおにぎり by ちゅーりっぷ８...,ja,"ONLINENEWS,ONLINENEWS_OTHER","rakuten group, inc.",ほんだし,1,False,253,False,news
https://bsky.app/profile/did:plc:efpaf6ud54guxwk5j2yfab3q/post/3lhfjd553ss2x,25/02/05 11:24:11,,父水ラブhoに行って、最新のおとなのおもちゃに興味津々の父が水に使って、水がずっとィキっぱなしのえろほんだしたい……,ja,"SOCIALMEDIA,SOCIALMEDIA_BLUESKY",はるか,ほんだし,1,False,58,False,twitter
https://detail.chiebukuro.yahoo.co.jp/qa/question_detail/q14315809769,25/06/03 03:01:00,至急です！肉じゃがを作っているのですが、ほんだしがないことに気づいて、何か代用出来るものはありますか？？,至急です！肉じゃがを作っているのですが、ほんだしがないことに気づいて、何か代用出来るものはありますか？？ 料理用のだしパックならあるのですが、だしパックを使用した肉じゃがはどれも最初に水とだしパックで沸騰させて作るものが多くて 既に他の調味料も入れてしまってるので、別でだしを取る方法しか無いのですが､､､。 ちなみに、水300ml、砂糖、味醂、醤油、酒、各大さじ3ずつで作ってます！ 何をどれくらいの量入れたらいいかも教えてくれたら助かります(；；),ja,"MESSAGEBOARD,MESSAGEBOARD_OTHER",非公開,ほんだし,1,False,226,False,messageboard
http://hracing.blog7.fc2.com/blog-entry-5428.html,25/08/27 00:00:00,新 ときめき☆レーシング日記 お好み焼きをつくる。,今までお好み焼きをつくるときに  小麦粉、ベーキングパウダー、長芋と用意していましたが  最近は市販の「お好み焼き粉」を使用している。  己が調合したものより美味しい！（餅は餅屋？）  それでも「ほんだし」は加えている  「ヲイチャンなのでありました」  ＠woicyan  。,ja,"BLOG,BLOG_OTHER",軽量王。,ほんだし,1,False,139,False,blog
https://www.newscafe.ne.jp/article/2024/11/12/2933182.html,24/11/12 14:45:12,飯島直子、“テキトーにごはん”な手作りスープ公開「材料がヘルシー」「具だくさんで美味しそう」の声,【モデルプレス＝2024/11/12】女優の飯島直子が11月11日、自身のInstagramを更新。手作りスープを披露した。  【写真】飯島直子、冬にぴったりな手料理公開  ◆飯島直子、“テキトーにごはん”披露  飯島は「こんにちは すっかり冬のようにさむくなりました あ、冬なのか 電車にのったり移動すると大量の汗をかくのでピンときません」と近況を報告。そして「今朝は玄関にほうり投げたカバンを見ないフリしてテキトーにごはんを 牛乳がたくさん余っていたので牛乳味噌スープ（牛乳、味噌、醤油、ほんだし...,ja,"ONLINENEWS,ONLINENEWS_OTHER",,ほんだし,1,False,253,False,news
http://twitter.com/h_goryon/status/2002068354258043229,25/12/20 02:27:46,,今日も今日とて、お味噌汁を。 定番はシンプルにお揚げと豆腐と葱。出汁は「ほんだし」だけど、お味噌は酒蔵「東一」の「生みそ」です。 https://t.co/OrwfZJHJM7,ja,"SOCIALMEDIA,SOCIALMEDIA_TWITTER",yumi (soleil),ほんだし,1,False,88,False,twitter
https://bsky.app/profile/did:plc:67tdwvvryc2jmaxcsebxmd4t/post/3mbr2fh7j422j,26/01/06 22:24:02,,豚バラに片栗粉を塗し 軽く炒め 銀杏切り大根を大量に投入 気持ち水菜 具材つかるまで水 生姜 にんにく ほんだし 鶏スープ 塩 ←気が済むまで煮る ←うますぎる,ja,"SOCIALMEDIA,SOCIALMEDIA_BLUESKY",ng,ほんだし,1,False,80,False,twitter
https://repsoku.net/articles/300670.html,25/09/23 23:23:00,卵焼き上手くできない,4 25/09/23(火) 08:34:14   ID:pOQ3  油が足りない  6 25/09/23(火) 08:35:02   ID:gQ2F  砂糖入れろ😡  8  25/09/23(火) 08:35:14    ID:y1x8  7 25/09/23(火) 08:35:09   ID:iUk9  砂糖入れてないのねん🥺  16  25/09/23(火) 08:36:49    5wg2  12 25/09/23(火) 08:35:55   ID:XUkM  ほんだし入れろ  17 ...,ja,"BLOG,BLOG_OTHER",ming qian,ほんだし,1,False,251,False,blog
http://instagram.com/p/C8ay0jRhnXV,24/06/20 10:13:27,,3回目になりました、まなべびキッチン👩🏻‍🍳 今月は「やさしお®︎」✨ 瀬戸内海の海水を使用していて、 いつものお塩の味で塩分は半分！なんと魅力的✨ お塩って色んな料理に使うから何作ろうかなぁって悩んで、そういえば塩揉みしたあとのきゅうりを子供が好きなのを思い出した私。 なので今回作ったのは 『きゅうりの即席浅漬け🥒』 家にある材料で簡単にできるから、 皆様もお子様とぜひ作ってみてください♡ 以下レシピです。 【材料】 ・きゅうり1本 ・やさしお®︎小さじ1 ・水50ml ・酢大さじ1 ・醤油小さじ1 ・砂糖大さじ1/2 ・ほんだし小さじ1 ・かつお節2g ①きゅうりを8mm幅で斜めに切る ②ポリ袋に材料全て入れて揉み込む ③冷蔵庫で30分〜ほど置いて漬けておく ***************************** 妊娠・出産・育児を楽しく学ぶ『まなべび』 [WEBサイト] https://manababy.jp/ ***************************** #まなべびキッチン公式アンバサダー#まなべび #味の素#スマ塩#スマ塩レシピ#減塩レシピ#やさしお#PR #赤ちゃんのいる暮らし#2人育児 #0歳児ママ #0歳4ヶ月#4歳男の子 #子供と作れるレシピ,ja,"SOCIALMEDIA,SOCIALMEDIA_INSTAGRAM",,"味の素,ほんだし",2,True,547,False,twitter
http://twitter.com/d_blue_moon/status/2006314117217612217,25/12/31 19:38:55,,蕎麦湯が美味い。醤油ほんだしで味付けてグビグビ飲んでる。,ja,"SOCIALMEDIA,SOCIALMEDIA_TWITTER",あおつき,ほんだし,1,False,28,False,twitter
https://trilltrill.jp/articles/3651257,24/05/02 02:18:23,漬け時間0分！お箸が止まらない「きゅうりの浅漬け」の作り方,おはようございます♪料理家のエプロンです。YouTubeにて簡単レシピを動画で紹介しています。  この公式ブログでは、私のレシピの中から、忙しい朝でも簡単に作れる時短レシピをお伝えしています.  本日ご紹介するのは、漬物なのに漬け時間0分で作れる「きゅうりの浅漬け」です！あっさりとした味付でお箸が進みますよ♪  漬け時間0分！「きゅうりの浅漬け」の作り方  材料  きゅうり 2本 ミョウガ 2本 塩 小さじ1/2 （A）ほんだし 小さじ1 （A）砂糖 大さじ1/2 （A）醤油 大さじ1 （A）酢...,ja,"ONLINENEWS,ONLINENEWS_OTHER",murashinisuta,ほんだし,1,False,253,False,news
https://lavender.5ch.net/test/read.cgi/male/1746575837/547,25/05/07 21:33:52,雑談 コンクラーベ,>>534   普通の味噌買ってほんだしで充分だわ,ja,"MESSAGEBOARD,MESSAGEBOARD_OTHER",,ほんだし,1,False,25,False,messageboard
http://twitter.com/yuyuyunoyuyuco/status/2009593765263257770,26/01/09 20:51:04,,兄貴がイエローカレーにほんだし入れて食ってます,ja,"SOCIALMEDIA,SOCIALMEDIA_TWITTER",ゆゆ@ネコ拭き取り業🐈🐈,ほんだし,1,False,23,False,twitter
https://hiyashiamazake.hatenablog.com/entry/2024/09/23/081739,24/09/23 08:17:39,味の素 - 株主優待 (2024年7月) - のんびりセミリタイア生活を目指す,味の素株式会社 [2802] から 株主優待を頂きました(7月末頃)。  株主優待  味の素グループの製品詰合せセットとエコバッグです。  「 ほんだし」 40g袋 「味の素 KK コンソメ」 固形7個入箱 「 Cook Do 」 青椒肉絲用 「 Cook Do きょうの大皿」豚もやし用スタミナ醤油炒め 「 クノール カップスープ」豆のポタージュ(3袋入り) 「味の素 KK おかゆ」 紅鮭がゆ 250g 「 アミノバイタル」 ゼリードリンク SUPER SPORTS 「ちょっと贅沢な 珈琲店」 ...,ja,"BLOG,BLOG_OTHER",hiyashiamazake,"味の素,ほんだし,クックドゥ,コンソメ",4,True,253,False,blog
https://blog.goo.ne.jp/kingfisher_20140728/e/f66dafb341662d51fc4f55be1bcf1a0e,24/02/02 08:50:33,2024.2.7. 今朝は、食べたょ！ - 忙しくない人の、独り言（閻魔の笑い顔）,いゃぁ～っ、良い天気だっ！  －－－（9時半過ぎ）  今朝は、朝ご飯を、、、ちゃんと、食べたょ！  昨日は、血液検査があったので、、、前の日の夜から、何も食べずに・・・  そんな日の朝ご飯、、、それが、コレ！  どんぶりスープ  ちくわ・高野豆腐・タマネギ・ニンジン・ジャガイモ・むかご・しめじ  ・ブロッコリーの茎  味付けは、ほんだし顆粒・昆布顆粒・酒・うすくち醤油  プレート皿  卵焼き・ブロッコリー・ミニトマト・バナナ  美味しく食べました  今朝の寒さで、、、残り雪が、カチンコチンになっ...,ja,"BLOG,BLOG_OTHER",ri ji,ほんだし,1,False,253,False,blog
http://twitter.com/ryo_towa/status/2004908528889462991,25/12/27 22:33:37,,めっちゃ可愛いガチャ見つけた🤩 ほんだし出た！ でもちょっとシュリンク斜めなの悲しみ💦 https://t.co/71LY9lucZk,ja,"SOCIALMEDIA,SOCIALMEDIA_TWITTER",リョウコ🦖,ほんだし,1,False,67,False,twitter
https://rio2016.5ch.net/test/read.cgi/homealone/1759846385/254,25/10/22 22:43:54,【自炊】一ヶ月食費１万円に抑えたい 190【栄養】,焼きそばは、ほんだしとソースと醤油あれば十分だよね   肉があれば出汁が出るし,ja,"MESSAGEBOARD,MESSAGEBOARD_OTHER",,ほんだし,1,False,39,False,messageboard
http://www.youtube.com/watch?v=1O-Oegs1-BI,25/11/11 18:00:05,大満足間違いなしの豚バラ焼肉ジャーマンポテト,豚バラの旨み×焼肉のたれがしみ込んだじゃがいもが止まらない！ フライパンひとつで作れて、子どもも大人も大満足の一品です！ 忙しい日でもこれだけでご飯がすすむ、最強の簡単おかず！ 【大満足間違いなしの豚バラ焼肉ジャーマンポテト】 ｰｰ材料ｰｰ 豚バラ肉150g じゃがいも3個 オリーブオイル小さじ1 焼肉のたれ大さじ3 にんにくチューブ2cm ほんだし小さじ1 黒コショウ適量 ｰｰ作り方ｰｰ ①じゃがいもの皮を剥いて一口大にカットしたらふんわりラップをして600W5分チン ②フライパンにオリーブオイルを引いて中火で豚肉を軽く炒めたらじゃがいもを加えて全体に火が通るまで炒める ③焼肉のたれ、にんにくチューブ、ほんだし、黒コショウを加えてよく絡めたら完成！ #shorts,ja,"SOCIALMEDIA,SOCIALMEDIA_YOUTUBE",ハマごはん【お手軽レシピ】,ほんだし,1,False,337,False,twitter
https://bsky.app/profile/did:plc:v7auqagdpyuo4kssbvxwruur/post/3lyzvngkcps2g,25/09/17 22:06:14,,一時期ほんだし？かなんかのCMで作ってた鶏もも入りの具だくさんみそ汁が美味しかったのを思い出した なんたって鶏もも肉がジューシーで贅沢で栄養もチリバツ,ja,"SOCIALMEDIA,SOCIALMEDIA_BLUESKY",きゃみ,ほんだし,1,False,75,False,twitter
http://twitter.com/kiramekinouta/status/2007306452998992296,26/01/03 13:22:07,,しおとしょうゆとほんだし小松菜🥬がきめて、もう３日だった笑）あ！初夢どうだった？私はボスと笑ってる夢お元気そうだった☺️平和〜昨日仕事をしてる時にリーダーに楽しそうですね、と言われたんだ、慣れてきたからだと笑）お客様と一緒に楽しんだ者勝ち！😋☀️段に感じ砂糖醤油♡餅食べ過ぎたなぁ~笑 https://t.co/jnGg9xuE7w,ja,"SOCIALMEDIA,SOCIALMEDIA_TWITTER",きらめき,ほんだし,1,False,166,False,twitter
https://recipe.rakuten.co.jp/recipe/1060023020/,24/03/25 04:27:02,なめこと豆腐の味噌汁 レシピ・作り方 by むぎ子っち｜楽天レシピ,1  豆腐は食べやすい大きさに切ります。 2  お鍋に水、ほんだしを入れて火にかけます。 3  軽く煮たってきたら、なめこと豆腐を入れます。 4  沸騰してきたら弱火にして味噌を溶いて完成です！,ja,"ONLINENEWS,ONLINENEWS_OTHER","rakuten group, inc.",ほんだし,1,False,97,False,news
https://recipe.rakuten.co.jp/recipe/1580051554/,24/11/18 05:17:10,マヨとしょう油で作る焼きうどん レシピ・作り方 by ジャルル,1  材料はこれだけ。冷凍うどんは調理前に解凍しておくと時短になります。（解凍方法はうどんのパッケージをご参考下さい）  2  熱したフライパンにマヨネーズをビャーっと出してオイル化させます。（カロリーオフのマヨネーズはオイル化しないので、ノーマルなマヨネーズがおすすめです）  3  ベーコンを炒めます。ベーコンは温まると跳ねるので気をつけて下さいね。（中火;1〜2分）  4  ベーコンにある程度火が通ったらほうれん草を追加して混ぜながら炒めます。（中火;1〜2分）  5  ほんだしをパラパラか...,ja,"ONLINENEWS,ONLINENEWS_OTHER","rakuten group, inc.",ほんだし,1,False,253,False,news
https://joycook.jp/ads/daitokubai-26/,25/08/09 14:18:00,8月12.13.14日の特売のチラシが出来ました,8月12.13.14日の特売のチラシが出来ましたので御覧ください。  12日は牛焼肉ファミリーパックと温室メロンと揖保乃糸とうなぎ蒲焼です。  13日は特撰ばら焼肉用と玉子とエビフライとヒラヤミルクです。  14日は姫甘泉すいかと牛ロース焼肉とほんだしです。  お盆のお買い物はジョイクックおくだをご用命ください！  Bluesky,ja,"BLOG,BLOG_OTHER",joyokuda,ほんだし,1,False,166,False,blog
http://twitter.com/omochii_1218/status/2011053132030361796,26/01/13 21:30:04,,@Kakka_rere それでも味薄いなと思ったら和風の顆粒だし(ほんだしとか…)ちょっと入れてみるかﾀﾞﾅ( ᎔˘꒳˘᎔)ﾝﾀﾞﾝﾀﾞ,ja,"SOCIALMEDIA,SOCIALMEDIA_TWITTER",もちゃ,ほんだし,1,False,68,False,twitter
http://instagram.com/reel/C9cTvleyeSd,24/07/15 20:53:44,,\レシピあり🍳/ arigohan 休日ラクする【1つの味付けで！ご馳走3品】 ①ワンパン！えびアボペペロンチーノ ② レンジで！なすのペペロン焼き浸し ③ 鶏もも肉のアクアパッツァ 「パスタキューブTM（うま辛ペペロンチーノ）」を使って、簡単に3品作ったよ🤤どれもウマウマ！ ——————————————————————— ✅美味しそう！はいいねボタン 今度作る！は右下の保存ボタンお忘れなく🥳 ✅「現役デパ地下商品開発者 arigohan が教える」スーパーの食材だけで簡単！デパ地下級高見えレシピ🍳 ——————————————————————— ◼️えびアボペペロンチーノ 時間：12分 難易度：★☆☆ 【材料】1人前 海老（むき身） 100g 塩こしょう 適量 アボカド 1/2個 パスタキューブうま辛ペペロンチーノ 1個 オリーブオイル 大さじ1 にんにくチューブ 5cm 水 400ml カットレモン 適量 黒こしょう 適量 【作り方】 ①海老に塩こしょうを振る。フライパンに油を加えて中火に熱し、海老の表面に軽く焼き目をつける。一旦取り出す。 ②そこに水を加えて沸騰させる。パスタキューブと乾燥パスタを加えて規定時間加熱する。加熱している間にアボカドを小角に切る。 ③規定時間になったら、アボカドと取り出しておいた海老とにんにくチューブを加えて2分適度水分を飛ばす。 ④器に盛り、黒こしょうとレモンをトッピングする。 レモンは途中でかけて味の変化をお楽しみください。 紫蘇、微塵切りにして加えるのと、上にもトッピング ◼️なすのペペロン焼き浸し 【材料】2人前 なす 3本、220g オリーブオイル 大さじ2 水 80ml パスタキューブうま辛ペペロンチーノ 1/2個 ほんだし、醤油 各小さじ1/2 パセリ 適量 【作り方】 ①なすは縦半分に切り、皮目に斜めに切り込みを入れる。長さを半分に切る。 ②耐熱容器に入れ、オリーブオイルをかけて全体にまんべんなくなじませる。 ラップをして600wレンジで4分加熱する。 ③熱いうちにAを加える。粗熱を取り、冷蔵庫で2時間適度冷やす。仕上げにパセリをトッピングする。 お好みで茹でたパスタにのせても◎ ◼️鶏もも肉のアクアパッツァ 時間：15分 難易度：★★☆ 【材料】1人前 鶏もも肉 1枚 塩こしょう 適量 殻付きあさり 100g ミニトマト 8個 ブラックオリーブ（種なし） 8個 (a)水 150ml (a)酒 50ml (a)パスタキューブうま辛ペペロンチーノ 1/2個 (a)にんにく 2片 (a)オリーブオイル 大さじ1/2 イタリアンパセリ 適量 【下ごしらえ】 ・鶏もも肉は常温に戻しておく。 ・殻付きあさりは砂抜きしておく。 【作り方】 ①鶏もも肉の厚みを整え、両面に塩こしょうをふる。 ②フライパンを強火に熱し、①を皮目から焼く。こんがりきつね色になったらひっくり返し、同様に裏面もきつね色になるまで焼く。一旦取り出し、4等分に切る（この時点では中まで火が通っていない）。 ③フライパンに残った油をを拭き取る。そこに②の鶏もも肉と(a)、を加えて蓋をし、中火で4分加熱する。 ④刻んだイタリアンパセリをトッピングする。 汁をバケットに浸けて食べてもおいしいよ！ ——————————————————————— ✅レシピを再現したら arigohan をタグ付けして投稿してね🥳 ✅つくレポ、フォロー、励みになります❣️🙏 ✅他のレシピはこちらから💁‍♀️ arigohan ——————————————————————— レシピ本📚「デリキッチン」発売中！ 詳しくはarigohan のプロフィールにあるリンク🔗をご参照ください✨ #PR #パスタキューブ #味の素KK #お手軽レシピ #簡単レシピ #簡単ご飯 #パスタレシピ #おもてなし,ja,"SOCIALMEDIA,SOCIALMEDIA_INSTAGRAM",,"味の素,ほんだし",2,True,1612,False,twitter
http://twitter.com/gakisan02/status/2009651494677782531,26/01/10 00:40:28,,@MaikkaSankaku うーわめっちゃ美味しそうです🤤ほんだしを加えるのはいつもと違う感がより出ていいかもしれないですね！参考にさせてもらいます✨ありがとうございます🙌,ja,"SOCIALMEDIA,SOCIALMEDIA_TWITTER",がっきー,ほんだし,1,False,87,False,twitter
https://4yuuu.com/articles/view/30024002,24/05/16 21:30:00,夫の箸が止まらないよ……。覚えておきたい「キャベツ」のアレンジレシピ,JAグループ公式の「玉葱とキャベツのほんだし和え」のレシピ  材料  玉ねぎ 1/4個  キャベツ 1枚  カニカマ 20g  酒 小さじ1  おろししょうが 小さじ1/2  ほんだし 小さじ1  砂糖 小さじ1/2  キャベツが主役の和え物♪  簡単に作れそうだったので、チャレンジしてみました。  カニカマを加えましたが、果たして仕上がりはいかに！？  作り方①  耐熱容器にキャベツと玉ねぎを入れ、酒を振ります。  軽くラップをかけてレンジでチンしますよ。  作り方②  ボリュームと旨味アップ...,ja,"ONLINENEWS,ONLINENEWS_OTHER",mary,ほんだし,1,False,253,False,news
https://bsky.app/profile/did:plc:soappqcu6tcj3o7ifmuqsdjs/post/3lpgfkl6lck2b,25/05/18 15:10:59,,えろほんだしますねー！🤍🤍🤍,ja,"SOCIALMEDIA,SOCIALMEDIA_BLUESKY",葦べ,ほんだし,1,False,14,False,twitter
http://twitter.com/Mckee5000/status/2012007552540950662,26/01/16 12:42:36,,肉じゃが🎵 牛肉、里芋、ニンジン、レンコン、玉ねぎ、油揚げに水、料理酒、みりん、顆粒ほんだし、砂糖、醤油を使用。 俺が子供の頃「肉じゃが」と云えば、だいたい豚肉を使ってました。 牛肉は高級品。が、理由だったと思います。 今は親父の身体の為に牛肉を使っておりますぜ🎵 https://t.co/a9AYyiFbl9,ja,"SOCIALMEDIA,SOCIALMEDIA_TWITTER",マッキー,ほんだし,1,False,156,False,twitter
https://bsky.app/profile/did:plc:6vwzq6ohuaspqpg3sa6ebsgw/post/3lme5i3hqq52r,25/04/09 13:25:28,,味の素の復刻デザイン「ほんだし®」に込められた夫婦の絆とは #東京都 #中央区 #味の素 #みそ汁 #ほんだし® 味の素が60gの復刻デザイン「ほんだし®」を限定発売。この商品に関連したムービー制作の背景や、夫婦の絆を描くストーリーを紹介します。,ja,"SOCIALMEDIA,SOCIALMEDIA_BLUESKY",サードニュース@相互フォロー100%,"味の素,ほんだし",2,True,123,False,twitter
https://bsky.app/profile/did:plc:5xco7cguexofhqz4yfnf5ab7/post/3lhqkkqnmc22p#3lhqkm7mlz22z,25/02/09 20:46:28,,RP @kumoha12.bsky.social: 赤味噌のお味噌汁つくるときは癖が強いものでしっかり出汁を取る必要がある（ほんだしだと負ける）ので注意ね。ほんだしに厚削りの鰹節か鯖や鮪節を足すと美味しく頂ける。,ja,"SOCIALMEDIA,SOCIALMEDIA_BLUESKY",すくとり,ほんだし,1,False,106,False,twitter
http://instagram.com/reel/DTAHMJWCed0,26/01/02 17:37:27,,野菜は毎日切りません！ 汁物の具は まとめて切って冷凍！ 凍ったまま使えて、あるだけで安心。 今日の保存方法はプレスンシール！ 真空に近い密着力で 乾燥を防いでおいしいまま保存できる！ ラップがつきにくいおわんも ぴたっとくっついてこぼれない！ おわんごと保存もできるからラク✨ 他の使い方はglad.japanさんをチェックしてね！ ___________________________________ 《お雑煮》 具材はお好みで 鶏もも肉、小松菜、大根、にんじん、かまぼこなど ゆずの皮を入れると、上品な味になる！ 水 500cc ほんだし 小さじ1 料理酒 小さじ1 醤油 大さじ1 ◇冷凍方法 ①プレスンシールを広げて、具材をのせる。上からもう一枚のせて、密着させる。 ◆食べるとき ①鍋に水と冷凍した具材のストックを入れ、中火で加熱。具材に火が通ったら、調味料を入れる。 お雑煮だけじゃなく、 毎日の味噌汁やスープの具材にも大活躍！！ ____________________________ 未来の自分を助ける冷凍作りおきで、 ごはん作りラクしよ！ どんこ 食卓まるごと下味冷凍で完結 donco_stockgohan #GLAD #プレスンシール #GLADで年越し#PR #冷凍作りおき #下味冷凍 #冷凍ストック,ja,"SOCIALMEDIA,SOCIALMEDIA_INSTAGRAM",,ほんだし,1,False,566,False,twitter
https://news.goo.ne.jp/article/grapee/trend/grapee-1785805.html,24/12/04 17:52:00,材料２つ！ 小学生の子供が絶賛した『簡単おかず』がこちら,電子レンジは、時短料理において欠かせない存在ですよね。今や、電子レンジだけで作れるレシピを見かけることも多いのではないでしょうか。  味の素株式会社（以下、味の素）のウェブサイトには、電子レンジでの加熱調理のみで、さらに材料は２つだけという時短レシピ『ブロッコリーの「ほんだし」和え』が掲載されています。  レシピを見たところ、とても簡単そうですが、味はどうなのか気になった筆者が実際に作ってみました。  味の素おすすめ！『ブロッコリーの「ほんだし」和え』  味の素によると、必要な材料は以下の通りで...,ja,"ONLINENEWS,ONLINENEWS_OTHER",(grape),"味の素,ほんだし",2,True,253,False,news
http://twitter.com/MMXX229_GLMY/status/2009498642705731986,26/01/09 14:33:05,,@Naaaa0831 @PINK_ROCKET_ZZZ ほんだしとかコンソメにも⚪︎⚪︎の素入ってるよ！,ja,"SOCIALMEDIA,SOCIALMEDIA_TWITTER",ゆきーろ🌈✨虹色に輝く🌈✨,"ほんだし,コンソメ",2,True,52,False,twitter
https://neo-beauty.net/2025/12/13/%e7%97%a9%e3%81%9b%e3%81%aa%e3%81%84%e4%ba%ba%e3%81%ae%e5%85%b1%e9%80%9a%e7%82%b9%e3%81%af%e9%a3%9f%e3%81%b9%e3%81%a6%e7%97%a9%e3%81%9b%e3%82%8b-%e3%83%80%e3%82%a4%e3%82%a8%e3%83%83/,25/12/13 21:43:56,痩せない人の共通点は…#食べて痩せる #ダイエット #ダイエットレシピ #簡単レシピ #やせる,【落ちた代謝を取り戻す！ミネラル豆腐】  【材料】(3食分)  乾燥ひじき 大さじ3(約9g)  にんじん 1/2本  木綿豆腐 400g  卵 2個  枝豆 60g  ●醤油 大さじ1.5  ●酒、みりん、ほんだし 各大さじ1  ●ごま油 小さじ1  【作り方】  ①ひじきを水で戻し、豆腐をペーパーで包み、レンジ（600W）で2分チンし、水切りする  ②フライパンにごま油を熱し、豆腐を軽く崩しながら炒める（豆腐は形が崩れないように端に寄せる）  ③にんじん＆卵を加えて炒め、火が通ったらひじき＆...,ja,"ONLINENEWS,ONLINENEWS_OTHER",taiyo-no,ほんだし,1,False,253,False,news
https://recipe.rakuten.co.jp/recipe/1160057487/,25/01/16 08:01:18,今が旬。小蕪と麩の味噌汁 レシピ・作り方 by yappyヤッピー,1  ボールに水を入れて麩を入れて5分おきます。 2  鍋に水、ほんだしをいれて火にけます。1をしぼっていれてつぎに小蕪をいれます。 3  沸騰したら中火で2分煮ます。2分たったら火を止めて味噌を溶かします。 4  味噌がとけたらお椀に入れてねぎを入れて完成です,ja,"ONLINENEWS,ONLINENEWS_OTHER","rakuten group, inc.",ほんだし,1,False,131,False,news
https://bsky.app/profile/did:plc:4akycdqn4ac2zaa47nbhm4dm/post/3mbwe2unofs2e,26/01/09 01:00:23,,なんか色々面倒で、白菜とネギとキノコとしらたきと豆腐をとにかくほんだしで煮て、しゃぶしゃぶ肉入れて食べたりしている。2日同じでも飽きない。 あったかくて美味しいし多分ヘルシー。,ja,"SOCIALMEDIA,SOCIALMEDIA_BLUESKY",みけ,ほんだし,1,False,88,False,twitter
http://twitter.com/akira00bread/status/2009047805781025100,26/01/08 08:41:37,,@tlgreen1127 (ほら、DOMOTOさんの場合は普段の生活で何を使ってるとか全く情報がないじゃないですか。なのでそちゃから庶民も使える「ほんだし」という単語が出た際、わたくしとても興奮しましてね。同じ世界線を生きているのだと),ja,"SOCIALMEDIA,SOCIALMEDIA_TWITTER",瑛,ほんだし,1,False,118,False,twitter
https://bsky.app/profile/did:plc:vmro2x5njbjjudwr5g2edfzp/post/3leofyhhtzs2u,25/01/01 20:02:55,,西でほんだし等にお肉と野菜等 でござります、餅は底でお椀と結託してます,ja,"SOCIALMEDIA,SOCIALMEDIA_BLUESKY",紘。,ほんだし,1,False,35,False,twitter
https://recipe.rakuten.co.jp/recipe/1890026166/,24/07/05 08:13:00,大根とわかめ 乾燥ねぎの味噌汁 レシピ・作り方 by やえもも｜楽天レシピ,1  大根の皮をむき、食べやすく切ります。 2  鍋に大根と水を入れて中火で加熱し、沸騰したらほんだしを加えて煮ます。 3  大根が柔らかくなったら一度火を止め、味噌を溶き入れます。 4  乾燥わかめ、乾燥ねぎを加えて、再び火にかけます。 5  沸騰直前で火を止め、出来上がりです。,ja,"ONLINENEWS,ONLINENEWS_OTHER","rakuten group, inc.",ほんだし,1,False,141,False,news
https://bsky.app/profile/did:plc:4tiw6jbehmnajpk5tngku45g/post/3mbtjlim27k2m,26/01/07 22:01:11,,そうだ！聡ちゃんがインスタにあげてた父譲りのお雑煮が醤油（とほんだし）仕立てでびっくりした。絶対に味噌だと見てたのに。,ja,"SOCIALMEDIA,SOCIALMEDIA_BLUESKY",Odamaki,ほんだし,1,False,59,False,twitter
https://bsky.app/profile/did:plc:36d4favjkiodj3opzg7lsyyk/post/3m6c53226f22g,25/11/23 19:46:23,,ええ、味噌汁にほんだしとかだしの素的なもの使うとあれかなり塩分も（甘味も）あるから味噌をいっぱい入れられないじゃん？いい味噌とか使っても台無しじゃん？ まぁ安い味噌で手軽に汁物作るには便利かもしれんが…粉末煮干しとかでも十分手軽だけどなぁ？（まぁ煮干しも多少は塩分あるが）,ja,"SOCIALMEDIA,SOCIALMEDIA_BLUESKY",Mr.Spice 🦪,ほんだし,1,False,136,False,twitter
http://instagram.com/p/DJWmW7KT2ii,25/05/07 21:55:43,,まなべびキッチンアンバサダーに就任して記念すべき初投稿😳 これからまなべびキッチンアンバサダーの方々と盛り上げていけたらと思うのでよろしくお願いします！！ 料理、盛り付け、映えから離れてたけどもう一度素敵な投稿できるように頑張っていきます😀 今回味の素さんの「お塩控えめの・ほんだし®」を使って料理をしたので紹介します！！ 普通に料理しちゃうと塩分高めの料理になってしまうことが多いですが、何も気にしずに塩分控えめの料理ができちゃうのって素晴らしいと思いませんか？ 今回は普段使っている味の素さんのほんだしを「お塩控えめの・ほんだし®」に変えて料理してみました！！ メニュー ・ニンジンと鶏モモ肉の炊き込みご飯 ・ノリと豆腐ともやしのお味噌汁 ・だし巻き卵 ニンジンが苦手な1歳7ヶ月の息子ですが、炊き込みご飯に混ぜることでしっかり食べてくれました😳 お味噌汁、出汁がきいていて美味しいと一言いただきました！！ 息子、全て完食して満足そうな顔してました！！ ってこんなに美味しい美味しい言って食べてくれるのに減塩できてるなんて母は幸せです😳🌸 皆さんもぜひ試してみてください🌸 ***************************** 妊娠・出産・育児を楽しく学ぶ『まなべび』 [WEBサイト] https://manababy.jp/ ***************************** #PR #味の素KK #まなべびキッチン公式アンバサダー #まなべび #スマ塩 #スマ塩レシピ #減塩レシピ #離乳食レシピ,ja,"SOCIALMEDIA,SOCIALMEDIA_INSTAGRAM",,"味の素,ほんだし",2,True,662,False,twitter
http://twitter.com/ST124101YS/status/2002002663811203197,25/12/19 22:06:45,,ほんだしゃんかわいいほんだしゃんかわいいほんだしゃんかわいいほんだしゃんかわいいほんだしゃんかわいいほんだしゃんかわいいほんだしゃんかわいいほんだしゃんかわいいほんだしゃんかわいいほんだしゃんかわいいほんだしゃんかわいいほんだしゃんかわいいほん文字数 Cr: tsubasa_0627official IGS https://t.co/JrCygjUXEy,ja,"SOCIALMEDIA,SOCIALMEDIA_TWITTER",ゆき🌴(なめこ),ほんだし,1,False,178,False,twitter
http://twitter.com/Endo_510/status/2010353026813575180,26/01/11 23:08:06,,ホタテ味のほんだしGET🇹🇼 https://t.co/2efsN61uSW,ja,"SOCIALMEDIA,SOCIALMEDIA_TWITTER",遠藤 英之,ほんだし,1,False,38,False,twitter
https://bsky.app/profile/did:plc:x5btf7j66eeakzoi55mrtvs3/post/3ljwwn3rq73u2,25/03/09 20:28:02,,ようつべのショートでよく見かけてた“梅流し”ってのを作ってみて、いざ食べてみたら味が結構クセ強いなぁ 梅干し・ほんだし・大根の組み合わせ自体は悪くないから、梅干し入れる量を間違えたのかもしれぬ…？​:thinkhappy:​,ja,"SOCIALMEDIA,SOCIALMEDIA_BLUESKY",木刀ムラサマー,ほんだし,1,False,112,False,twitter
http://twitter.com/blackhamu86/status/2009927329607496057,26/01/10 18:56:32,,| |д･)本日の衝動買い！ ほんだし1kg https://t.co/X7Irht9Ijy,ja,"SOCIALMEDIA,SOCIALMEDIA_TWITTER",はむはむ@減量中（今回は本気）,ほんだし,1,False,46,False,twitter
http://twitter.com/hakusui103/status/2004453366211244270,25/12/26 16:24:58,,ほんだしさんとの南条巡検に向けて地質図と睨めっこ中,ja,"SOCIALMEDIA,SOCIALMEDIA_TWITTER",白水,ほんだし,1,False,25,False,twitter
https://snapdish.jp/d/DKKqva,25/09/15 13:03:02,9 13の朝ごはん ツナ缶とぶなしめじの炊き込みごはん.../卯月,#朝ごはん #ツナ缶とぶなしめじの炊き込みごはん #ツナ缶#ぶなしめじ #みりん#醤油#ほんだし#にんべんのつゆの素#生姜 #豚汁 #ブロッコリー  きのこで菌活🍄 HOKUTOのメールマガジンを読んだところ、季節の変わり目の今、免疫力を上げるレシピがいろいろ載っていました。 家にある食材で作れるのは炊き込みごはんだったので作ってみました。 本当は舞茸も入れるのですが、今回はぶなしめじのみです。 いつも通りの味付けでツナ缶とぶなしめじを入れただけなのに、夫がおいしい😍🎶と絶賛。 これはまた...,ja,"ONLINENEWS,ONLINENEWS_OTHER","Snapdish, Inc.",ほんだし,1,False,250,False,news
http://twitter.com/shinayasu118119/status/2009915343133913200,26/01/10 18:08:54,,お鍋、ベースどうしよ？ってなって ほんだし 塩昆布 塩麹 生姜みじん切り を 大根おろし すりおろし生姜 青唐辛子醤油 で食べようてしています いい匂い～,ja,"SOCIALMEDIA,SOCIALMEDIA_TWITTER",酒呑み本丸のもちはせべ,ほんだし,1,False,77,False,twitter
http://twitter.com/ajinomoto/status/2011635711674630179,26/01/15 12:05:02,,受験生のみなさんっ 本番でチカラをだしきれますように！ 「ほんだし®」も応援しています💪✨ https://t.co/9pdS677iJS,ja,"SOCIALMEDIA,SOCIALMEDIA_TWITTER",味の素株式会社,ほんだし,1,False,69,False,twitter
https://newsexplorer.net/%e3%81%a0%e3%81%97%e3%81%ae%e9%a2%a8%e5%91%b3%e3%82%92%e5%a0%aa%e8%83%bd%ef%bc%81%e3%80%8c%e3%82%81%e3%82%93%e3%81%a4%e3%82%86%e3%80%8d%e3%82%92%e4%bd%bf%e3%81%a3%e3%81%9f%e3%83%ac%e3%83%b3-s1411533.html,24/02/08 11:35:14,だしの風味を堪能！「めんつゆ」を使った“レンチンうどん”,だしの風味を堪能！「めんつゆ」を使った“レンチンうどん”  だしの旨味がギュッと濃縮された便利な調味料、めんつゆ。今回はそんなめんつゆを使ったさまざまな味付けのうどんをご紹介します。どのレシピも電子レンジで作れるのでとってもお手軽。忙しい日にもぴったりですよ。ぜひチェックしてみてくださいね！  肉うどん  めんつゆやほんだしを使った、だしの味わいがしっかりと感じられるうどんのレシピです。一口食べればほっとするやさしい味わい！難しい工程もないので、料理初心者さんにもおすすめのレシピです♪  みそ煮...,ja,"ONLINENEWS,ONLINENEWS_OTHER",VNExplorer,ほんだし,1,False,253,False,news
https://bsky.app/profile/did:plc:6lbxv37geu7cy7ofnz745h2b/post/3luzgkqc5y222,25/07/28 19:55:31,,昔おばれ女装さんP本出した時、開場すぐ列できて、それまできんぷりでほんだしててこんな人来たことない…て状態になり、ヒロ様の凄さを感じた(けどおおむねかづきパイセン受な内容だったから申し訳なさあった),ja,"SOCIALMEDIA,SOCIALMEDIA_BLUESKY",オノ,ほんだし,1,False,99,False,twitter
https://note.com/kakipidrive/n/nebde325ce84e,24/06/09 15:07:43,24焼き上がりました6.9｜柿ピー,ありがとう おつかれさま です  前回はこちら  親子丼ならぬ 親子トーストで 美味しくいただきましたよ  変則といえば変則なのですけどねｗ  今回は  名付けて。。。 コンソメトースト  レシピ  パン ハム マヨネーズ チーズ コンソメの素  パンに マヨネーズを 塗る コンソメの素を ふりかける ハムを 乗せる チーズを 乗せる トーストする  以上  ネットで 「ほんだし」を ふりかける というのがあったので コンソメですが かけてみました  う〜ん 味的には・・・  よく分かりませんで...,ja,"ONLINENEWS,ONLINENEWS_OTHER",shipi,"ほんだし,コンソメ",2,True,253,False,news
https://blog.goo.ne.jp/okatama164/e/ca05eb0fde173c1cec20adebb5b6a040,25/03/30 19:59:00,今日の晩御飯 - おかやん二人三脚,週末の残り焼肉に”キャベツ・焼豚ちゃんぷる”  具材(キャベツ＋焼豚)に軽く塩胡椒  卵：ほんだし＝1個：S1 鰹節：ねぎ＝各適宜  此れ ほんだしと鰹節＋ねぎが良い仕事するわぁ,ja,"BLOG,BLOG_OTHER",okatama164,ほんだし,1,False,89,False,blog
https://recipe.rakuten.co.jp/recipe/1060022847/,24/02/14 05:35:56,玉ねぎ わかめ 豆腐の味噌汁 レシピ・作り方 by ひかりん★｜楽天レシピ,玉ねぎ わかめ 豆腐の味噌汁ひかりん★  水 / 500CC  みそ / 大さじ2〜3  ほんだし / 小さじ1  豆腐 / 1個  玉ねぎ / 2分の1  わかめ / 1カット  毎日お味噌汁,ja,"ONLINENEWS,ONLINENEWS_OTHER","rakuten group, inc.",ほんだし,1,False,97,False,news
https://bsky.app/profile/did:plc:kfqdozcs6l7qqlqqsrux43w6/post/3m7a4ioh7z22l,25/12/05 17:55:59,,ひき肉の餡掛け豆腐を作ったが、味が物足りない感 やはりほんだし、ほんだしは全てを解決する…,ja,"SOCIALMEDIA,SOCIALMEDIA_BLUESKY",日々常々,ほんだし,1,False,45,False,twitter
http://fmrara.blog.fc2.com/blog-entry-9680.html,25/05/30 13:23:51,番組ブログ +ＦＲＩＤＡＹ,今日も今日とてありがとうございます。  2か月が経ち、少しはパーソナリティーっぽく  なりましたか？（笑）  今日は工場見学のおすすめということで  愛知県豊橋市 ブラックサンダーワクザクファクトリー  三重県四日市市 味の素 東海工場 ほんだしツアー  岐阜県美濃加茂市 モンテール美濃加茂工場 見学ツアー  をお伝えしました。  本当に東海には工場見学が多くて選びきれませんでした  いろいろ楽しんでいただければと思います。  そしてメッセージテーマ『今、処分したいもの』  私は贅肉！！これ一択...,ja,"BLOG,BLOG_OTHER",FMらら | 番組ブログ,"味の素,ほんだし",2,True,253,False,blog
https://bsky.app/profile/did:plc:xm6qxyy4h4xm5ssn76kavczg/post/3m5b77cu2o225,25/11/10 17:26:43,,乾物屋さんに行けてない＆ほんだし切らした ので味噌汁作れない😭,ja,"SOCIALMEDIA,SOCIALMEDIA_BLUESKY",むほう,ほんだし,1,False,31,False,twitter
https://recipe.rakuten.co.jp/recipe/1460050784/,24/03/09 06:15:35,本格味噌ラーメン レシピ・作り方 by 節約サンジ｜楽天レシピ,1  キャベツをざく切りにします。  2  フライパンにごま油をしき、豚こまを赤い部分が無くなるまで炒めます。（中火）  3  豚こまが炒まったら洗ったもやしとキャベツを入れ炒めます。（中火）  4  鍋でお湯を沸かし沸騰したら火を止めて味噌とキムチ鍋の元、ほんだしを入れます。  5  中火にて中華麺を1分半茹でます。  6  器に麺を取り出します。  7  炒めた野菜と豚こまを上からかけます。  8  スープを注いだら完成です！,ja,"ONLINENEWS,ONLINENEWS_OTHER","rakuten group, inc.",ほんだし,1,False,217,False,news
http://twitter.com/nemo_shinomiya/status/2011055058683904011,26/01/13 21:37:44,,経過観察1️⃣ギフト達成ありがと〜！！！ 出汁‼️ほんだし、みりん、しょうゆ ハートのにんじん‼️大根‼️みつば‼️ https://t.co/i8KmHQHO1h,ja,"SOCIALMEDIA,SOCIALMEDIA_TWITTER",篠宮ねも🌹🐻,ほんだし,1,False,82,False,twitter
https://home.kingsoft.jp/news/gourmet/bazurecipe/%E3%80%90%E8%87%B3%E9%AB%98%E3%81%AE%E7%8C%AE%E7%AB%8B%E3%80%91%E7%94%9F%E3%83%8F%E3%83%A0%E8%8C%B6%E6%BC%AC%E3%81%91%E3%80%81%E5%86%B7%E5%87%8D%E3%83%96%E3%83%AD%E3%83%83%E3%82%B3%E3%83%AA%E3%83%BC.html,25/02/20 09:09:05,【至高の献立】生ハム茶漬け、冷凍ブロッコリーのマヨタバスコ和え,もうこういうのがいいんだよ  ハムとたまごを使った包丁を使わないでできる  雑ウマのハム茶漬けがヤバいす  出汁の温度で半熟になった  たまごと生ハムがまたヤバいんだわ…  中毒性ヤバい、  おすすめ  【材料】 【生ハム茶漬け】  ご飯…200g  生ハム…35g  卵…1個  ほんだし…小さじ1/2  昆布だし…小さじ1/2  水…250cc  黒コショウ…適量  小ネギ…適量  きざみ海苔…適量  ☆お好みでコショウorわさび  【冷凍ブロッコリーのマヨタバスコ和え】  冷凍ブロッコリー…...,ja,"ONLINENEWS,ONLINENEWS_OTHER",,ほんだし,1,False,253,False,news
https://bsky.app/profile/did:plc:3em4d5vbdrm62nshitjh6aau/post/3m3qk7hhzyc2h,25/10/22 09:03:12,,#おでんデッキ 🍢出汁 昆布+鰹出汁（もしくはほんだし） オイスターソース 塩 🍢具材 塩豚にしておいた豚バラブロック𓃟 源助大根 ゆで卵🐣 蒟蒻 たこ🐙 練り物系 魚河岸揚げは必須 厚揚げ ちくわ 🍢変わり種 かいわれ（さっと出汁に通すだけ ミニトマト🍅 カマンベールチーズ🧀 海老パン🦐🥖 または惣菜パン コロッケ 鱈の白子と春菊を入れた巾着 春菊 玉ねぎ 〆はおでんもいいけど、木綿豆腐煮込んで、ほうじ茶で炊いたごはんに乗せて「とうめし」,ja,"SOCIALMEDIA,SOCIALMEDIA_BLUESKY",よなきそば,ほんだし,1,False,222,False,twitter
https://4yuuu.com/articles/view/30027964,24/08/15 20:15:00,正直、ウマすぎて焦るんだが……。覚えておきたい「ナス」の簡単レシピ,JAグループ公式の「ナスいんげん☆夏野菜お味噌汁」のレシピ  材料  ナス 1本  いんげん 30g  ほんだし 小さじ1弱  味噌 小さじ2  水 180cc  しめじ 20g  「ナスいんげん☆夏野菜お味噌汁」が美味しそうだったので挑戦しました。  だしの素は、ほんだしを使用しています。  いんげんは手軽な冷凍品を使い、アレンジで冷凍のしめじを加えてみました。  どのように仕上がったのか、レビューでご確認ください♡  作り方①  ナスは薄く輪切りにしましょう。  いんげんとしめじは冷凍品を使...,ja,"ONLINENEWS,ONLINENEWS_OTHER",mary,ほんだし,1,False,253,False,news
https://recipe.rakuten.co.jp/recipe/1630017024/,24/05/15 05:05:42,株なめこと豆腐の豚汁 レシピ・作り方 by □うみ□｜楽天レシピ,1  株なめこは石づきを取って小房に分ける。豚こまは大きいものがあれば食べやすい大きさに切り、塩・ゴマ油をまぶしておく。小葱は小口切り。ボウル等に〇印を入れて混ぜておく。  2  鍋に水・なめこ・豆腐を手で小さめのひと口大にちぎって加え、ほんだしも入れて火にかける。沸騰したら豚こまを入れて混ぜ、火が通ったらアクを取る。  3  合わせた〇印を入れて混ぜる。味をみて足りなければ味噌を足して調える。器に注いで小葱をちらす。,ja,"ONLINENEWS,ONLINENEWS_OTHER","rakuten group, inc.",ほんだし,1,False,211,False,news
http://instagram.com/reel/C73qflJyOO7,24/06/06 18:48:31,,味の素株式会社様から商品を提供していただきました。 「無限に食べられるコールスロー」 【材料】 キャベツ…1/4個（150〜170gくらい） にんじん…1/2本 きゅうり…1/2本 カニカマ…4本 コーン…大さじ4 マヨネーズ…大さじ3 酢…小さじ2 無糖ヨーグルト…大さじ1 ほんだし…小さじ1 塩 (塩もみ用)…小さじ1 ①キャベツを千切り、きゅうりとにんじんは細切りする。 ②塩をかけて15分ほど放置。水が出てきたら絞る。酢をかけて混ぜておく。 ③マヨネーズ、ヨーグルト、ほんだしを混ぜる。 ④キャベツの入ったボウルにカニカマ、コーンを追加。 ⑤③を混ぜ合わせる。 kurashiru #pr #ほんだし #簡単料理レシピ #サラダレシピ #料理初心者 #初心者レシピ,ja,"SOCIALMEDIA,SOCIALMEDIA_INSTAGRAM",,"味の素,ほんだし",2,True,337,False,twitter
https://mao.5ch.net/test/read.cgi/wom/1764123257/608,25/11/26 22:24:13,🧄育児している奥様46152🧄,>>604   白だしかほんだし,ja,"MESSAGEBOARD,MESSAGEBOARD_OTHER",,ほんだし,1,False,16,False,messageboard
http://instagram.com/p/C2pSCn0ypXZ,24/01/28 22:07:16,,"晩ごはんです✨ おうちで1人味噌鍋😅 水 500cc ほんだし 大さじ1/2 味噌 大さじ2 醤油 大さじ1 1/2 きび糖 大さじ1 おろし生にんにく 4cm位お好みで を中火にかけ、湧いてきたら、 白菜 1/12切れ、豆腐1/2パック、えのき1/2袋、豚ロース超薄切り100g、長ねぎ1/2本を入れました😋✨ しめは、ごはんお茶碗1/3杯を入れて雑炊にしました。 卵1個を入れて湧いたら蓋をして2,3分蒸らしたら出来上がりです💓 おうちで味噌鍋は、初めて作りましたがとっても美味しかったです😋💖 . . #我が家の味噌鍋 #craftmiso生糀 #ひかり味噌アンバサダー #pr hikarimiso_ambassador hikarimiso #晩ごはん #一人鍋 #おうちごはん",ja,"SOCIALMEDIA,SOCIALMEDIA_INSTAGRAM",,ほんだし,1,False,344,False,twitter
http://twitter.com/TKG68274611/status/2002311104333222052,25/12/20 18:32:23,,"自称ダイエッターの「今日の昼夜兼用ごはん」 ・ほんだし鍋1.5人前(＋七味唐辛子) ・白米１杯 ・ノンアル オールフリー350ml ・ビオフェルミン＆マルチミネラル 鍋の味付けは ほんだしのみ 具材は、さつま揚げ,豚肉,シイタケ,キャベツ,ニンジン,玉ねぎ さつま揚げの大量投入がポイントか(甘みが出る) https://t.co/NeVTZs7GMp",ja,"SOCIALMEDIA,SOCIALMEDIA_TWITTER",TKG🥚,ほんだし,1,False,176,False,twitter
https://topics.smt.docomo.ne.jp/article/grapee/trend/grapee-1897603,25/04/03 20:36:39,食べた夫が「いくらでもいけそう」 おにぎりの味付けに使ったのは…？,少ない材料と手順で気軽に作れる、おにぎり。ネットではいろいろなアレンジレシピが広まっています。  ボリューム感のある具材を混ぜたり、パンチのある味付けにしたりと、おにぎりだけで満足感が得られるようなレシピも見かけるでしょう。  とはいえ、初心に戻ってシンプルなおにぎりが恋しくなる時もありますよね。  そんな時におすすめしたいのが、味の素株式会社（以下、味の素）のウェブサイトに掲載されている、おにぎりレシピ。  味付けは味の素の『ほんだし』だけで、具材もないシンプルなレシピです。  早速、筆者が作...,ja,"ONLINENEWS,ONLINENEWS_OTHER",grape,"味の素,ほんだし",2,True,253,False,news
https://blog.goo.ne.jp/kingfisher_20140728/e/05f8e39a62d8a230e0abd52420c08556,24/09/10 19:38:19,2024.9.10. ヨーグルトに、ハチミツ - 忙しくない人の、独り言（閻魔の笑い顔）,晩ご飯のお供に、、、ヨーグルトに、ハチミツ  それが、コレ！  肉野菜炒め、、、豚切り落とし・タマネギ・ニンジン・ジャガイモ・ズッキーニ  ・すりおろし生姜  味付けは、ホタテのスープ粉末・昆布顆粒・ほんだし顆粒・ガラスープの素  ・黒瀬のスパイス・塩・コショウ  豆腐は、そのまま  ヨーグルトに、アカシアのハチミツ  美味しく食べました  ハチミツの詰替容器、、、ハチミツの切れが、スパッと！  気持ち良いくらいに、ハチミツが切れて、、、蜜垂れ、なし！  こりゃ、良い！  先ほど、、、ハチミツグ...,ja,"BLOG,BLOG_OTHER",toppu,ほんだし,1,False,253,False,blog
http://twitter.com/Ninjya_dotoon/status/2007073724823183491,26/01/02 21:57:20,,@yurusan_zo_gaki 鶏がらスープと、ほんだし、塩、醤油ですね。大量にゴボウや人参、大根の千切りを使うので色が濃くなるんですよ。,ja,"SOCIALMEDIA,SOCIALMEDIA_TWITTER",Ninjya togakure,"ほんだし,丸鶏がらスープ",2,True,70,False,twitter
http://twitter.com/wish_0620/status/2008189959262662749,26/01/05 23:52:51,,私の作る料理の中で隠れた人気メニューになっているのがお雑煮🍲 具材は、大根・人参・ごぼう・鶏肉・なると・こんにゃく、そして三つ葉☘️ 調味料は、ほんだし・香りと色付け程度のしょうゆ、あとは塩で味を整えて完成✨ 色々な人にレシピを聞かれるからきちんと伝授している(^^) https://t.co/4VkRRyXjCG,ja,"SOCIALMEDIA,SOCIALMEDIA_TWITTER",ほっかいどうのミィ助🐈,ほんだし,1,False,158,False,twitter
http://twitter.com/gokugoku_nomuyo/status/2008860199172690300,26/01/07 20:16:08,,夜ごはん:白菜1/8、小松菜1束、長ネギ1/2、しめじ100g、乾燥わかめ2g、しらたき180g、鱈80g、しょうが・にんにくチューブ少し、ほんだし小さじ1、納豆＋お酢、七草粥 おわん半分くらいの七草粥ってどれくらいの糖質量なんだろうか… https://t.co/y3nBl9lQ6h,ja,"SOCIALMEDIA,SOCIALMEDIA_TWITTER",あずき,ほんだし,1,False,143,False,twitter
https://bsky.app/profile/did:plc:5zjawoi4evhknqjxv226glch/post/3lrmpxc2woc24,25/06/15 14:23:25,,∵ ほんだしのにおいがするってかいぬしにいわれた,ja,"SOCIALMEDIA,SOCIALMEDIA_BLUESKY",ﾃｨﾃｨし,ほんだし,1,False,24,False,twitter
http://twitter.com/trippybunny/status/2011774401654768063,26/01/15 21:16:08,,昨年10月終わりからスタートした レギュラーメニューに向けての ラーメンシリーズ 中華そば タイミング合わずに未食だった なるめんの手前ですれ違ったのは やはり掟さんだった #掟ポルシェ https://t.co/31LMN7LZne QT @okiteporsche: 大岡山なるめんラーメン味玉。なるめんにレギュラーメニュー誕生、広島小鳥系風とのことで慌てて。醤油豚骨スープは味噌でも入ってるかのような麹立つ旨みにほんだし的魚介感で地方ラーメンの野暮ったさを狙いつつ現代ラーメンの満足感に落とし込んでありすっっごい旨かった。麺大盛しなくて後悔。 https://t.co/HG6QyoFDJo,ja,"SOCIALMEDIA,SOCIALMEDIA_TWITTER",OJ,ほんだし,1,False,298,False,twitter
http://twitter.com/gokugoku_nomuyo/status/2004514095635267698,25/12/26 20:26:17,,夜ごはん:白菜1/8、ニラ1束、しめじ100g、乾燥わかめ2g、しらたき180g、カレイ100g、しょうが・にんにくチューブ少し、ほんだし小さじ1、納豆＋お酢、冷やし焼き芋75g https://t.co/5ZaJtvD9QY,ja,"SOCIALMEDIA,SOCIALMEDIA_TWITTER",あずき,ほんだし,1,False,113,False,twitter
https://detail.chiebukuro.yahoo.co.jp/qa/question_detail/q13324283283/746954312,26/01/14 18:31:00,米がない時のオススメレシピを教えて下さい。手の込むものでもOKです♪,煮麺とかオススメかな。 ①湯をわかす ②わいた湯に素麺を入れ少し煮る ③ほんだし、麺つゆ、好みで醤油入れ味を整える。完成〜！ 後は好みで野菜や卵、汁は片栗でトロミをつけても美味いです！ 薬味もお好みで、生姜、一味、コショウなど すげー簡単、楽ちん、時短ですよ,ja,"MESSAGEBOARD,MESSAGEBOARD_OTHER",1052019754,ほんだし,1,False,129,False,messageboard
https://bsky.app/profile/did:plc:sdiky6oxt2pi4ptppejenqak/post/3llbhqddnps2c,25/03/26 18:25:54,,お金がなくていっぱい食べたい時の限界レシピってあるじゃないですか 自分のは 死ぬほどもやし茹でてめんつゆ、砂糖、ほんだし、切りごま(サッポロ一番塩についてくるやつ)で混ぜるやつ と 好きなだけパスタ茹でてめんつゆ、ほんだし、少量のマヨネーズ、ふりかけ、塩で味つけたやつ が好きです 栄養バランス？んなん知るか,ja,"SOCIALMEDIA,SOCIALMEDIA_BLUESKY",🧀🍞,ほんだし,1,False,154,False,twitter
http://instagram.com/reel/DKgzZ2vzdWU,25/06/05 17:35:14,,どんな時でもごはん作っちゃうぞ🍚✨ うまいやつを集めたぴーきち商店オープンしました！（オンラインショップです！） https://pikichi.base.shop/ プロフィールリンクからショップを覗いてみてね🥰✨ pikichidesuyo おつかれえーるも発売中🍻 ※毎月1〜7日に販売中です！ 【鶏汁】 〈材料〉 鶏もも肉150g ごぼう40g 大根100g 人参80g 玉ねぎ1/2個 しめじ1/2パック 油揚げ1枚 水600ml 味噌大さじ3 ほんだし小さじ2 おろし生姜大さじ1 みりん大さじ1 〈作り方〉 ①鶏肉は2cm角に切る。大根はいちょう切り、人参は半月切り、しめじは小房に分け、玉ねぎはくし切り、油揚げは1cm幅に切る。ごぼうは斜めに薄切りにして水に10分つける。 ②鍋に油を熱して鶏肉を炒める。大根、人参、玉ねぎ、ごぼうを入れて全体に油が回るまで炒める。 ③水、ほんだし、しめじ、油揚げを入れて沸騰したら10分ほど煮る。 ④味噌を溶いて生姜とみりんを入れてひた煮立ちさせる。 【牛がけだし巻きたまご】 〈材料〉 卵4個 水大さじ2 白だし大さじ1 牛切り落とし肉200g 玉ねぎ（薄切り）100g A 水100ml 酒大さじ1 醤油大さじ2 みりん大さじ1 砂糖大さじ1 ほんだし小さじ1/2 おろし生姜小さじ1 〈作り方〉 ①ボウルに牛肉、玉ねぎ、Aを入れて電子レンジ（600W）で5分加熱する。 ②別のボウルに卵を溶いて水と白だしを加えて混ぜる。 ③たまご焼き器に油を熱して数回に分けて②を流し入れてたまごを巻く。 ④器に③の乗せて①を盛る。かいわれ大根を乗せる。 【カツオと水菜のサラダ】 〈材料〉 カツオのたたき100g かいわれ大根1/2パック ミニトマト3個 モッツァレラチーズ50g A 塩昆布大さじ１ ポン酢しょうゆ大さじ１ オリーブオイル大さじ１ おろししょうが小さじ１ 白いりごま大さじ１ 〈作り方〉 ①カツオのたたきは食べやすい大きさに切る。チーズは一口大にちぎる。トマトは半分に切って、かいわれ大根は根元を切る。 ②ボウルに①とAを入れて混ぜる。 【大根のツナマヨサラダ】 〈材料〉 大根200g ツナ缶1缶 カニカマぼこ40g 小ネギ（小口切り）適量 A マヨネーズ大さじ3 めんつゆ小さじ1 わさび小さじ1 白いりごま大さじ1 〈作り方〉 ①大根は千切り、カニカマは適当に手でさく。 ②ボウルに①、ツナ、Aを入れて混ぜる。 ③器に盛り付けネギを散らす。 【ほうれん草のナムル】 〈材料〉 ほうれん草200g A ごま油大さじ1 鶏がらスープの素小さじ1 おろしにんにく小さじ1/2 砂糖小さじ1 白すりごま適量 〈作り方〉 ①鍋に1Lの水と塩小さじ1を入れて沸かす。ほうれん草をサッと30秒ほど茹でて冷水にさらす。 ②食べやすい大きさに切り、Aを加えてあえる。 #おつまみ #自炊 #夜ごはん #献立 #おうち時間 #おうち居酒屋 #料理動画 #料理レシピ #簡単レシピ #簡単おつまみ #おかず #レシピ #ぴーきち商店,ja,"SOCIALMEDIA,SOCIALMEDIA_INSTAGRAM",,"ほんだし,丸鶏がらスープ",2,True,1288,False,twitter
https://snapdish.jp/d/HODfGa,25/05/12 06:07:32,出汁漬けきゅうりと高野豆腐いり鶏じゃが/@きなこさんのレシピ,～出汁漬け🥒きゅうり～ ほんだし使用の簡単漬け物  薄味にしたく調味料は全て半量に →当日なら、あっさり浅漬け感覚  翌日以降は、薄くなるなぁ🤔 ➕少し調味料予定  ～🥔新じゃがde鶏じゃが～ めんつゆでお手軽副菜  🔵鶏もも 🔵皮付き🥔新じゃが 🔵新玉葱🧅 🔵高野豆腐  #AJINOMOTO #ほんだし #出汁漬け #お漬け物 #浅漬け #🥔新じゃが #鶏じゃが #高野豆腐 #新玉葱🧅 #旬の食材 #副菜 #つくりおき,ja,"ONLINENEWS,ONLINENEWS_OTHER","Snapdish, Inc.","味の素,ほんだし",2,True,212,False,news
https://ent.smt.docomo.ne.jp/article/18080120,24/06/20 18:38:33,生唾ゴクリ…賀来賢人 出演CM「ほんだし釜玉パスタ」ほかレシピいろいろ！,味の素株式会社は、2024年6月18日より俳優の 賀来賢人さんが出演する和風だしの素「ほんだし®」の新TVCM「ほんだし®釜玉パスタ」篇を全国で順次放映開始しました。  「ほんだし®を味噌汁以外に使ったことのないアナタ、実にもったいない！」と賀来賢人さんが力説する新CM。  ほんだし®を使ったアレンジレシピ「だし香る釜玉パスタ」を次々と口へ運ぶその様子がとても美味しそうで、もう・・・！お腹がすいた・・！となります。  そのレシピはホカホカパスタの上に温泉卵・小ネギを乗せ、その上から粉末のほんだし...,ja,"BLOG,BLOG_OTHER",shi youzine,"味の素,ほんだし",2,True,253,False,blog
http://twitter.com/Kokuragi_Crafts/status/2003527665614295143,25/12/24 03:06:33,,詩人の師匠（と私が勝手にお慕いしている）ほんだし先生に作って頂いた新式！ 弓めっちゃプリキュアだけどハートの宝石がとても綺麗なんですよ。防具はプリンス系。バラが可愛い。 ありがとうございました！今回の零式も応援してます！ https://t.co/BvryH096op,ja,"SOCIALMEDIA,SOCIALMEDIA_TWITTER",黒羅木,ほんだし,1,False,134,False,twitter
http://youtube.com/watch?v=77UlRs8tkvA#UgxDfqTL_CLOkzTWLON4AaABAg.A03q9sLDo5dA8n_Kes_TAf,24/09/25 14:57:46,,味の素はミネラルがスカスカ。 そして日本人の７割がミネラル不足。（厚労省）  味の素より本だしの方がマシかと。,ja,"SOCIALMEDIA,SOCIALMEDIA_YOUTUBE",@田中太-h9s,"味の素,ほんだし",2,True,55,False,twitter
https://oceans-nadia.com/recipe_list/4726,24/11/07 10:26:05,「ちくわの味噌汁」9選｜魚の風味が美味しい,【ちくわとほうれん草のお味噌汁】ごま香るほっこり味♡  彩りもよく、ボリュームも出る お味噌汁レシピです♪ ほっこり心落ち着く味になっています😊♡ 手軽に作れて、汁物で栄養を摂れるので ぜひお気軽に作ってみてくださいね🤗✨  ちくわ、ほうれん草、にんじん、水、ほんだし、合わせ味噌、ごま油・白ごま,ja,"ONLINENEWS,ONLINENEWS_OTHER",copyright ©,ほんだし,1,False,148,False,news
https://www.oricon.co.jp/pressrelease/2238034/,25/03/06 18:57:00,味の素(株)、「Mio Brodo(TM)」＜トマト＞＜チーズ＞＜魚介＞を新発売,〜２種のパウダーでつくる新感覚パスタソースで、大切な人に驚きと感謝を届ける一皿を〜 2025年3月6日(木)より通販サイトで販売開始  味の素株式会社(社長：中村 茂雄 本社：東京都中央区)は、イタリアの基本だし「ブロード」が主役の、２種の特製パウダーでつくる新感覚のパスタ用調味料「Mio Brodo(TM)」(ミオ ブロード)＜トマト＞＜チーズ＞＜魚介＞を、2025年3月6日(木)より味の素ダイレクト(株)オンラインショップなどの通販サイトで全国発売します。  「Mio Brodo(TM)」ブ...,ja,"ONLINENEWS,ONLINENEWS_OTHER",ti gong yuan:,"味の素,ほんだし",2,True,253,False,news
https://detail.chiebukuro.yahoo.co.jp/qa/question_detail/q10319175870/735357157,25/08/26 06:43:00,焼きうどんを作るときも、焼きそばソースを使ってますか？(⁠๑⁠¯⁠◡⁠¯⁠๑⁠),使ってないですね。 今回は、ほんだしと醤油ですね！o(^▽^)o,ja,"MESSAGEBOARD,MESSAGEBOARD_OTHER",さとぴょん,ほんだし,1,False,32,False,messageboard
http://twitter.com/84yukaneesox/status/2001964069864317162,25/12/19 19:33:23,,大根と鶏肉をほんだし、ゲランドの塩、濃縮甘酒、お酒、水で煮込んだだけのやつが五臓六腑にしみっしみ！ おつゆもおいしい…温まる…鶏肉やわらか…,ja,"SOCIALMEDIA,SOCIALMEDIA_TWITTER",はしゆか,ほんだし,1,False,70,False,twitter
https://bsky.app/profile/did:plc:yfbrkbtkqnhebe4pogr3jzjn/post/3lorwshfaqs2i,25/05/10 11:53:42,,無限に味の素のほんだしにお世話になってる...便利すぎ,ja,"SOCIALMEDIA,SOCIALMEDIA_BLUESKY",でんちょこ,"味の素,ほんだし",2,True,27,False,twitter
http://twitter.com/luvpw/status/2006753614870753619,26/01/02 00:45:20,,配信もされるらしい✨ モンスト曲て骸のもだけどかっこいいんだよなぁ 歌い手のチョイスも良すぎる… 今回のぴかりんもだけど骸はまほんだしな https://t.co/ef3TDxvH57,ja,"SOCIALMEDIA,SOCIALMEDIA_TWITTER",鋼鉄のひさや＼( ᐛ ),ほんだし,1,False,92,False,twitter
http://twitter.com/kahozuki_zemi/status/2009110085285601723,26/01/08 12:49:06,,豆腐＋小葱＋ほんだし＋醤油 そこに熱したごま油をジュッとね🐤 https://t.co/5F95b6UqQx,ja,"SOCIALMEDIA,SOCIALMEDIA_TWITTER",🌸寿柳珂穂月🌸,ほんだし,1,False,54,False,twitter
http://9228myuu.blog.fc2.com/blog-entry-3549.html,24/06/22 10:00:10,続・ＳＷＥＥＴ ＳＥＡＳＯＮ 鶏チリや和風スープやカップ麺で会社持参弁当,６月１９日（水）の会社持参弁当。  この日は乗っけ弁ですね。  鶏チリ・切干大根煮・卵焼き・しば漬け。  鶏チリ、弁当に入れるには微妙かなぁ・・・とニオイが気になったんだけど入れちゃった。 結果、ほとんどニオわず。 食後は歯磨きしてるし、マスクもしてるし。 味が濃いのでご飯が進む～。  ６月２０日（木）の会社持参弁当。  前に作って冷凍しといた、 炊き込みご飯おにぎりと・・・  和風野菜スープ。  見た感じ分からないと思いますが。この日は和風で。 味付けは、 ほんだし・麺つゆ・酒・みりんにて、ち...,ja,"BLOG,BLOG_OTHER",９２２８みゅう,ほんだし,1,False,253,False,blog
http://twitter.com/umesaku1209/status/2003415945575039113,25/12/23 19:42:37,,リュウジさんの無限もつ煮作ろかなと、ニンニク無いしなー買い物ﾒﾝﾄﾞｸｻｲﾅｰと動画見てたらばぁば直伝のもつ煮の動画も出てきて見たら、味付けが味噌と本だしと味の素しか入れてない……味噌汁かよ……と思いながら、後からニンニク足せばいいかと作ってみたら過去一美味しいもつ煮になった https://t.co/YTSdgyRS7l,ja,"SOCIALMEDIA,SOCIALMEDIA_TWITTER",うめさく⛄️10歳娘＆6歳息子,"味の素,ほんだし",2,True,162,False,twitter
https://bsky.app/profile/did:plc:ob4fpv2cynyfeqljzm62wl4k/post/3m7jdhufn4s2a,25/12/09 09:54:46,,「ほんだし」「丸鶏がらスープ」「CookDo 香味ペースト」――お料理の心強い味方「味の素株式会社」の調味料がキーホルダーになってガチャに登場！ | 電撃ホビーウェブ share.google/7GONNH5AEOkT...,ja,"SOCIALMEDIA,SOCIALMEDIA_BLUESKY",SARA_MARY,"味の素,ほんだし,クックドゥ,丸鶏がらスープ,香味ペースト",5,True,112,False,twitter
https://detail.chiebukuro.yahoo.co.jp/qa/question_detail/q10319762495/736675587,25/09/09 21:52:00,あなたは自分で味噌汁を作れますか？(๑╹ω╹๑ ),「ほんだし®︎」と味噌が有れば作れます。 (*^_^*),ja,"MESSAGEBOARD,MESSAGEBOARD_OTHER",ロペスピエール,ほんだし,1,False,28,False,messageboard
https://blog.goo.ne.jp/okatama164/e/b06a2816e009a33fef38d62dd3c9c724,25/07/21 18:26:39,今日の晩御飯 - おかやん二人三脚,今日は”カシワ・アスパラバターめんつゆ炒め”  カシワは軽く塩胡椒とメリケン粉を塗して  具材(アスパラ＋玉ねぎ＋白ネギ)を加えて  バター：めんスープ：味王＝10g：1：適宜  ブレない味付けです、簡単で美味しい  それに”豆腐・ねぎ和風オムレツ風”  豆腐は潰して ねぎを加えて  卵：醤油：ほんだし：砂糖：片栗粉＝1個：S1：S1：S1/2：S2  此れ好き  美味しい,ja,"BLOG,BLOG_OTHER",,ほんだし,1,False,188,False,blog
https://bsky.app/profile/did:plc:6pqibxge355sqy2akeezt3lf/post/3lhd6o55cs62y,25/02/04 13:08:10,,妊娠中で舌が敏感になっているからか、ほんだしの味がダメになってきた…鰹のエグ味…といってもダシを一からとるなんてめんどくさい…顆粒だしで美味しいのないかなぁ…,ja,"SOCIALMEDIA,SOCIALMEDIA_BLUESKY",根子,ほんだし,1,False,79,False,twitter
https://hayabusa9.5ch.net/test/read.cgi/news/1742563201/425,25/03/22 15:16:38,内科医でYouTuberの内海聡、化学調味料について「薬物学的に言うと、覚醒剤の親戚ですね」 [897196411],>>411   えっ？ほんだしとか顆粒粉末系のだしや   めんつゆやレトルト食品、果ては市販の漬け物やチェーン店や個人店のお店   更に言うなら安酒にも化学調味料って入ってる訳だけど   絶対に外食しないで、スーパー等の食品は買わず、農家契約の野菜と卸の肉や魚で絶対に自分で調理して食べてる人？,ja,"MESSAGEBOARD,MESSAGEBOARD_OTHER",,ほんだし,1,False,147,True,messageboard
https://rio2016.5ch.net/test/read.cgi/sci/1746433008/7,25/05/08 05:31:09,"""憧れは理解から遠い感情""AIに過大は人間の病気神尊",>>5   にんじん 玉ねぎ 卵   じゃがいも キャベツ   鶏むね肉 ハム   米 パスタ うどん   豆腐 納豆   醤油 塩 油 ほんだし コンソメ   味噌 みりん 酒,ja,"MESSAGEBOARD,MESSAGEBOARD_OTHER",,"ほんだし,コンソメ",2,True,89,False,messageboard
https://bsky.app/profile/did:plc:ahdramkjpqeggdqx2xx3z3ew/post/3lkdugdnfus2i#3lkfokyr43b2o,25/03/15 17:13:37,,RP @boxing800.bsky.social: 台北のカルフールでSNSで話題になっていたものを買ってみました。 このポテチはきゅうり味。 最初の一口は「お！きゅうりの匂いと味がする！」 途中は「ただのサラダ味で台湾らしいちょっと甘めの普通に美味しいポテチじゃん！」 最後になると「確かにきゅうり味だったなあ」 これは日本でも売って欲しい。 ほんだし干貝風味は帰国後に。 #青空ごはん部 #台北,ja,"SOCIALMEDIA,SOCIALMEDIA_BLUESKY",闇鍋ナッツ,ほんだし,1,False,200,False,twitter
http://twitter.com/momonabekikaku/status/2009403296067527008,26/01/09 08:14:13,,本日の電鍋モーニング 今年に入ってちょっと早起きするようにしたらより寒さを感じるように🥹 昨夜作った煮物(スープ)を温め直して。 台湾で買ってくるほたてのほんだしとお水だけで煮ました。 大根の美味しさがブワッと、シンプルで美味しい。 #朝ごはん #大同電鍋 https://t.co/UhJ3adBW9e,ja,"SOCIALMEDIA,SOCIALMEDIA_TWITTER",桃鍋企画(Mimi)大同電鍋🍲,ほんだし,1,False,152,False,twitter
http://twitter.com/nakotic/status/2006713854554952169,26/01/01 22:07:20,,うちのお雑煮、というか鶏スープは、お湯煮立たせて塩強めに入れて、お酒もどぼっと入れて、鶏もも肉切らずに入れて沈めてそのまま冷ますだけ。食べる時にお醤油と、ちょっと本だしとか味の素入れたりもする。具はお餅と切った鶏肉と、小松菜とか。,ja,"SOCIALMEDIA,SOCIALMEDIA_TWITTER",ナコ,"味の素,ほんだし",2,True,115,False,twitter
https://detail.chiebukuro.yahoo.co.jp/qa/question_detail/q13314729503/725742469,25/05/08 13:26:00,蒸し器はありません。炊飯器はあります。 さつまいも(シルクスイート)を、おかゆにするか、多めの油で揚げ焼きにするか、迷ってます。,炊飯器に輪切りや角切りにした、シルクスイートとほんだしを一緒に入れて、普通炊きか炊き込みご飯モードで炊飯したら、時短ですし、栄養もご飯に吸収されるので良いと思います。 ごま塩で食べると美味しいですよ。 液体のお味噌があるので、ほんだし入れてシルクスイート入れてお味噌汁にするのもオススメです。わかめを一緒に入れると出汁が出て美味しいです。,ja,"MESSAGEBOARD,MESSAGEBOARD_OTHER",うたろう,ほんだし,1,False,169,False,messageboard
http://instagram.com/reel/C7YyfRByIs0,24/05/25 19:01:28,,←最近ずっと食べてる簡単レシピ だしふわ納豆(レシピ付き📖´-) “香り高く一番おいしい” 和風だしの素「ほんだし」で作る 簡単美味しいメニューです🍚💫 ┈┈┈【 材料 】┈┈┈┈┈┈┈┈ ￤お米……お茶碗1杯 ￤レタス……4枚 ￤納豆……1パック ￤★卵白……1個分 ￤★「ほんだし」……小さじ1/2 ￤★塩昆布……ひとつまみ ￤かつお節……お好み ￤卵黄……1個分 ┈┈┈【 作り方】┈┈┈┈┈┈┈ 1⃣レタスを千切りしてボールへ 2️⃣1⃣へ、タレと混ぜた納豆、 卵白、★を加えてもこもこするまで混ぜる 3️⃣白米にかつお節→2️⃣をかける 4️⃣卵黄を乗せる 完成💡 ̖́- ┈┈┈┈ 料理のコツ💡 ̖́- 基本目分量なので、材料の記載は大体の目安です🥣 皆さんのお好みの味に近づけて見て下さい！ (私はその日の体調に合わせて分量は変えたりします！) #PR #味の素KK #ほんだし #同棲ごはん #同棲ご飯 #たまごレシピ #卵レシピ #卵 #レタスレシピ #大量消費 #納豆 #納豆レシピ #ご飯のお供 #簡単ごはん #ズボラレシピ#簡単レシピ,ja,"SOCIALMEDIA,SOCIALMEDIA_INSTAGRAM",,"味の素,ほんだし",2,True,479,False,twitter
https://bsky.app/profile/did:plc:vutmy2djuqvkxnyxecsnvasq/post/3lm2pnoghq22y,25/04/05 19:24:09,,教えてね、自宅のレシピ 我が家は小麦粉、ほんだし、卵、揚げ玉、小エビ、キャベツ、ネギ,ja,"SOCIALMEDIA,SOCIALMEDIA_BLUESKY",樹さん,ほんだし,1,False,42,False,twitter
https://blog.goo.ne.jp/okatama164/e/85f636f83baf30613ef3306c9e10d934,25/03/28 19:10:22,今日の晩御飯 - おかやん二人三脚,今日は”カシワ・白ネギナゲット風M”  カシワ(200g)と白ネギは微塵切ｒ  酒：ほんだし：砂糖：醤油＝1：S1：S1：S1  卵：片栗粉＝1個：1.5  それに”じゃが・めんつゆレンチン”  バター：酒：めんスープ：味醂＝10g：1：1：1  レンチン(600w＊5分)  じゃがの旨味アップ  ちょっと薄く感じるので 酒＝0.5かS1 でもええかな,ja,"BLOG,BLOG_OTHER",okatama164,ほんだし,1,False,177,False,blog
https://detail.chiebukuro.yahoo.co.jp/qa/question_detail/q14321434589/740451912,25/10/24 00:02:00,子供にハンバーグを 何回か作りましたが、 失敗の連続です。 皆さんが作る ハンバーグの 材料全て教えて ください,・玉ねぎ半分、みじん切りはまあまあアバウト ・ひき肉、なるべく脂身が少ない合挽き(牛、豚)だけど、安くてあぶらっぽくても平気 1パック300〜350 ・卵1こ ・パン粉じゃなくパンの耳か、残り 耳2本弱か、8枚の1/4くらい ・マヨネーズ ・ちょっと牛乳あればでいい(ペットボトルキャップに半分か1杯のイメージ) ①玉ねぎをざっと炒めて火を止めて蓋をする。余熱でしんなりする ②ひき肉、卵、パンを粉々にしたもの(もみもみ)、ちょいミルク？、マヨネーズ、冷めた玉ねぎを入れ コショウ、出汁の素(ほんだし...,ja,"MESSAGEBOARD,MESSAGEBOARD_OTHER",未設定,ほんだし,1,False,253,False,messageboard
https://bsky.app/profile/did:plc:s4tn53edkjj2t64eu5ik6x4n/post/3ll6iu3crkk2i,25/03/25 14:07:55,,うちのお味噌汁はほんだしなどの適当だしで作るけど、年末にもらったこの煮干しで作るとすごくよいだしがでておいしい。 漁連でもらったって言ってわけてくれたもの。 おいしいけど、すごく煮干くさい味のみそ汁になるので、うちの家族は毎日だと嫌かなと思って、時々にしてる。 この魚、なんだろう。,ja,"SOCIALMEDIA,SOCIALMEDIA_BLUESKY",まゆ,ほんだし,1,False,141,False,twitter
https://mama.smt.docomo.ne.jp/article/9410295/,25/08/27 19:09:16,【これ作るために食パン買う】 5分で完成！『ほんだしマヨトースト』の作り方 | grape [グレイプ],朝食の定番といえば、トーストにジャムやバターを塗る人は多いでしょう。  さまざまな食材と相性抜群のトーストですが、実はまだ意外な組み合わせが隠されているようです。  その組み合わせの1つが、味の素株式会社のウェブサイトで紹介されている『ほんだし』を合わせたトースト。  気になった筆者が、アレンジレシピ『ほんだしマヨトースト』を試してみました！  材料（1人分）  食パン6枚切り 1枚  「ピュアセレクト マヨネーズ」 大さじ1  「ほんだし」 小さじ1/3  まず、食パン1枚を用意します。スプー...,ja,"ONLINENEWS,ONLINENEWS_OTHER",grape [gureipu],"味の素,ほんだし,ピュアセレクト",3,True,253,False,news
https://news.nifty.com/article/item/neta/12305-3399274/,24/09/20 16:26:07,味の素が教える『きゅうりの瞬間漬け』 試した結果に「まさに瞬間だった」,炊き立てのご飯と一緒に食べる漬物は、おいしいですよね。  漬物が無性に食べたくなり、余ったキュウリですぐに作れそうなレシピを探したところ、味の素株式会社（以下、味の素）のウェブサイトで『きゅうりの瞬間漬け』を発見。  一体どれほど『瞬間』なのか、実際に作ってみることにしました！  ■本当に瞬間！『きゅうりの瞬間漬け』の作り方  『きゅうりの瞬間漬け』の材料はこちらです。  材料（1人分）  きゅうり 1本（100g）  A 「ほんだし」 小さじ1/2  A すり白ごま・好みで 適量  【味の素パ...,ja,"ONLINENEWS,ONLINENEWS_OTHER",©nifty corporation,"味の素,ほんだし",2,True,253,False,news
http://twitter.com/t_riti/status/2008538636044902861,26/01/06 22:58:22,,@nao20180317 @sakkurusan わしはスガキヤのめんつゆと味の素のほんだし(カツオ)で育ったので昆布なしでも余裕で生活できますね……三つ子の魂が愛知なので…… ちなみに富山生まれ富山育ちの義実家は、味噌汁はほんだし 昆布はおにぎりの海苔枠でかかってることもあるよね、くらい,ja,"SOCIALMEDIA,SOCIALMEDIA_TWITTER",りち,"味の素,ほんだし",2,True,145,False,twitter
https://straightpress.jp/company_news/detail?pr=000000092.000092524,25/03/25 21:16:39,今年の夏も猛暑予報！日本は四季から「五季」へ。新しい季節「まだなつ」が出現 夏の長期化による暮らしのモチベーション低下や、料理のマンネリを解決！味の素(株)「五季そうさまプロジェクト」発足,～食材の旬や需要の変化に対応した、新しい食提案「まだなつレシピ」を「ほんだし(R)」が公開～  味の素株式会社(社長：中村 茂雄 本社：東京都中央区)は、気候変動の影響で長引く夏と食材の旬の変化に着目し、夏と秋の間の暑い時期を新たに五番目の季節「まだなつ」と名付け、この季節を楽しく、快適に過ごしていただくために、「五季そうさまプロジェクト」(以下、本プロジェクト）を、2025年3月25日（火）より始動します。  「五季そうさまプロジェクト」概要  日本の季節は、気候変動の影響を受けて夏が長引き、...,ja,"BLOG,BLOG_OTHER",,"味の素,ほんだし",2,True,253,False,blog
https://www.recipe-blog.jp/profile/200435/blog/18362025,24/02/18 01:51:22,脳内水戸天国！コク出汁納豆チーズの絶品丸ごと葱お好み焼き（糖質8.3g）,脳内水戸天国！コク出汁納豆チーズの絶品丸ごと葱お好み焼き（糖質8.3g）  ねこやましゅん  カリカリタイプと、フワトロタイプ。お好み焼きの世界には、二種類の美味しい食感が存在する。そしてその中でひときわ際立つ、納豆タイプ。それはもう簡単で、練り込まれたチーズとほんだしの相性も最高だ！本日ご紹...  2人分  納豆 チーズ 葱 お好み焼き もち 長ネギ フライパン ねぎ マヨネーズ 低糖質 糖質オフ 糖質制限 ダイエット レシピ 糖尿病 グルテンフリー ネギ焼き  2020/02/15 UP!...,ja,"ONLINENEWS,ONLINENEWS_OTHER",nekoyamashun,ほんだし,1,False,253,False,news
http://twitter.com/ohayou875/status/2009983195547337060,26/01/10 22:38:32,,いつも思うけどほんだしって金魚の餌と同じ匂いすぎる,ja,"SOCIALMEDIA,SOCIALMEDIA_TWITTER",oceans🍎,ほんだし,1,False,25,False,twitter
https://gatachira.com/chirashi/162906/,25/10/02 01:54:51,【原信ナルス南万代店チラシ】火曜スペシャル / 水曜スペシャル,原信ナルス  【原信ナルス南万代店チラシ】火曜スペシャル / 水曜スペシャル  対象：南万代店  ほんだし買いに行くわよ～♪,ja,"ONLINENEWS,ONLINENEWS_OTHER",xin xi shi,ほんだし,1,False,62,False,news
https://egg.5ch.net/test/read.cgi/owarai/1753186195/285,25/08/13 05:25:52,えろそうでエロくない言葉大集結,.ほんだし,ja,"MESSAGEBOARD,MESSAGEBOARD_OTHER",,ほんだし,1,False,5,False,messageboard
https://bsky.app/profile/did:plc:f6itxopeqhjsshxk2uu6scah/post/3mchsev7z7k2o,26/01/15 23:31:47,,うわーーー！！！再掲嬉しい！！！！ ほんだしさんのお話、展開とシチュエーションが毎回最高なのはもちろん、桐真の会話が凄い上手くてめちゃくちゃ好きなんだよな……掛け合いの仕方も言葉選びもテンポもそのまんま喋って聞こえるからすごい。,ja,"SOCIALMEDIA,SOCIALMEDIA_BLUESKY",山田牛車,ほんだし,1,False,114,False,twitter
https://bsky.app/profile/did:plc:sg5v6dm3jbicubc7jujhdaob/post/3lwbsfrcdss2y,25/08/13 21:13:59,,#孤独なグルメ #自炊 #ひやむぎ たまごお麩小ネギ赤しば漬け青しその実ほんだし醤油オイスターソース胡麻油,ja,"SOCIALMEDIA,SOCIALMEDIA_BLUESKY",3a1e3u1e,ほんだし,1,False,53,False,twitter
http://twitter.com/Kbgn_rx0/status/2008888691390132530,26/01/07 22:09:22,,@doven_quest キャベツ千切り！卵！水溶き小麦粉！本だし！混ぜて焼くだけ！お好み焼き！！ソースかけりゃどうせ美味い！！ バター小麦粉焦げないように炒める！牛乳加えてナツメグ一振り！最強ホワイトソース！美味い！ 頭アルミホイル5G信者じゃなければ大体の和の料理に味の素入れることをおすすめします！！,ja,"SOCIALMEDIA,SOCIALMEDIA_TWITTER",かびごん,"味の素,ほんだし",2,True,153,False,twitter
https://bsky.app/profile/did:plc:eaoj3xl32mcsjuytgkkypxyy/post/3m73fmbvwvc2w,25/12/03 20:55:45,,声優楽曲パーティー #Juke_Vox Radio とびっぴい・ほんだしのとびだしVoyage #2「声優が歌う意味」GUEST::スズケン www.twitch.tv/mopp1076,ja,"SOCIALMEDIA,SOCIALMEDIA_BLUESKY",平本,ほんだし,1,False,93,False,twitter
http://strawberry4seasons.blog.fc2.com/blog-entry-2818.html,25/07/09 02:05:22,★わんわんわんわん - †日記†,基本、ALOHA先生が  おしゃべりするときは  ＜わんわんわんわん＞  わんこみたいな話し方をする  発音が「にゃんにゃん」より  いいやすいんやろか？  なんとも不思議なことではあるのだが…  炊き込みご飯は  わたしが味付けした  ま、めんつゆと  ほんだしがあれば  ほぼほぼゴールなのだが  今回はかしわやきのこ類が多く  味がボケるので  昆布醤油もちょっと足した  だいたい100円でお馴染みのダ〇ソーで  こーてきた氷枕の  中身のジェルを使って  コーヒーの空き瓶に  ジェルを入れ...,ja,"BLOG,BLOG_OTHER",【茶々いろは綴】,ほんだし,1,False,253,False,blog
https://park.ajinomoto.co.jp/recipe/search/?search_word=%E3%82%AD%E3%83%A3%E3%83%99%E3%83%84%20%E3%80%8C%E6%AF%8E%E6%97%A5%E3%82%AB%E3%83%AB%E3%82%B7%E3%82%A6%E3%83%A0%EF%BD%A5%E3%81%BB%E3%82%93%E3%81%A0%E3%81%97%E3%80%8D%20%E3%80%8CBistro%20Do%E3%80%8D%E6%BF%83%E5%8E%9A%E3%83%81%E3%83%BC%E3%82%BA%E3%82%AF%E3%83%AA%E3%83%BC%E3%83%A0%E3%83%81%E3%82%AD%E3%83%B3%E3%82%BD%E3%83%86%E3%83%BC%E7%94%A8,24/10/23 12:05:59,「キャベツ 「毎日カルシウム･ほんだし」 「Bistro Do」濃厚チーズクリームチキンソテー用」の人気レシピ 0件｜レシピ大百科（レシピ・料理）｜【味の素パーク】たべる楽しさを、もっと。,「キャベツ 「毎日カルシウム･ほんだし」 「Bistro Do」濃厚チーズクリームチキンソテー用 」のレシピ検索結果 、  「キャベツ 「毎日カルシウム･ほんだし」 「Bistro Do」濃厚チーズクリームチキンソテー用 」検索結果ページ,ja,"BLOG,BLOG_OTHER",copyright (c),ほんだし,1,False,119,False,blog
https://plaza.rakuten.co.jp/iitoshi2006/diary/202510220017/,25/10/22 12:38:50,,鍋だけの簡単調理！味噌雑煮作者： へるしー_簡単調理レシピ発信■材料（12人分）鶏むね肉 / 300ｇ白菜 / 300ｇ木綿豆腐 / 2丁油揚げ / 8枚餅 / 12枚水 / 1500ｍｌ味噌 / 大4ほんだし / 大1■レシピを考えた人のコ...,ja,"BLOG,BLOG_OTHER",,ほんだし,1,False,124,False,blog
http://twitter.com/moeru_Mori_625/status/2006388922071568469,26/01/01 00:36:10,,そしてこんばんは(？) やっぱり夜の挨拶もポイントです♪ いつも退勤するとき ダニー君と挨拶して めっちゃ幸せなことですね ╰(*´︶`*)╯♡ 今日も文字を読むだけでも美味しそう〜 もちろん写真付けてもっと美味しそうね〜(*´∀｀*) レシピありがとうございました♪ ヽ(*＾ω＾*)ﾉ https://t.co/TDYJ2Qh8Rz QT @gokigensandany: 今年最後？のおつまみは 山芋焼き(大盛り）ww 山芋すりおろしに ほんだし顆粒と卵 キャベツ、もやし、ネギ 素晴らしい 粘りけ、舌触り、 旨味、香り、は ソースない方が 美味しさをしっかり 感じられるかも あらためて みなさんに紹介したい！ 山口県徳地のやまのいも まじで最高っちゃ👍。。。 https://t.co/14P3OthjZH,ja,"SOCIALMEDIA,SOCIALMEDIA_TWITTER",逸楓,ほんだし,1,False,358,False,twitter
http://twitter.com/koyu_lona/status/2011608609772404912,26/01/15 10:17:21,,台湾行ってきました～(高雄＆台南) @Chiaki20270770 さんがポストしていたホタテチップ買ってきました😍これはやみつきになる！ ほんだしホタテも☺️ 爆買いする予定だったけど、全然爆買いになってなくてスーツケース22㌔までOKなのに10㌔いってないカバンもあって…近いうちにまた行く～😊 https://t.co/GopMOwHPtn,ja,"SOCIALMEDIA,SOCIALMEDIA_TWITTER",LONA,ほんだし,1,False,173,False,twitter
https://bsky.app/profile/did:plc:ltzawspe43uzmyfotfxozufq/post/3lhleonjedk2r#3lhmmq53woj2e,25/02/08 07:13:47,,RP @camp-area-play.bsky.social: 106）2025.2.7）書き忘れ～❶ゴハンをフライパンに投入の時「ほんだし」入れまーす～❷しょう油は、フライパンの周りを円を描くように、かけて、こがししょう油で味付けしまーす～～以上、チャーハンライフでした～☆☆☆,ja,"SOCIALMEDIA,SOCIALMEDIA_BLUESKY",『やこ』リトルドラゴン,ほんだし,1,False,140,False,twitter
https://bsky.app/profile/did:plc:m6cnknnp5ujgifisk5sfxo34/post/3lxubvtyjx22y,25/09/02 23:04:32,,あと我が家で簡単かつ好きなのは ささみとほうれん草 →茹でて食べやすいサイズに かまぼこorカニカマ →かまぼこならいちょう切り、カニカマなら一口大に ボウルに入れて ほんだし 醤油 わさびorからし を入れて混ぜるなんか美味しいやつ 調味料の量はその時によって変えればいいと思うよ、他のでもいいだろうし,ja,"SOCIALMEDIA,SOCIALMEDIA_BLUESKY",まこ,ほんだし,1,False,152,False,twitter
https://bsky.app/profile/did:plc:o4o5xhmnfcv3j3tpl4p7xxof/post/3lu5k5n2i422c,25/07/17 17:45:11,,味の素 ほんだし・かつおこんぶだし CM 三田佳子・遠野なぎこ（1992） https://www.magmoe.com/2432428/showa-period/showa-bijin/2025-07-17/ 味の素 ほんだし・かつおこんぶだし CM 三田佳子・遠野なぎこ（1992） 2025年7月17日追記 遠野なぎこさんのご冥福をお祈りします。 元動画（kodama500さん）,ja,"SOCIALMEDIA,SOCIALMEDIA_BLUESKY",昭和時代 Shōwa Era,"味の素,ほんだし",2,True,193,False,twitter
http://twitter.com/ononomorin1125/status/2006493539375648976,26/01/01 07:31:53,,@hondashi0615 ほんだしたん🎍🪓 明けましておめでとうございます🎍 今年も宜しくね🐴✨ https://t.co/BNdNOoKM5h,ja,"SOCIALMEDIA,SOCIALMEDIA_TWITTER",斧乃森🪓✡️ﾏｯｸｽｹｶﾞﾚ 公式ｱｼｽﾀﾝﾄ,ほんだし,1,False,73,False,twitter
https://bsky.app/profile/did:plc:4zizrymgpk2zvy2e7uclxufm/post/3m6m52nqxos2t,25/11/27 19:12:48,,個人的ほんだしとお塩の黄金比があるんだけど大体目分量で入れてるせいで対比がわからなくて紹介できない,ja,"SOCIALMEDIA,SOCIALMEDIA_BLUESKY",rye/淡花來,ほんだし,1,False,49,False,twitter
http://twitter.com/ikas2nd/status/2002511381774676077,25/12/21 07:48:12,,ほんだし と ホンダ車 は似ている,ja,"SOCIALMEDIA,SOCIALMEDIA_TWITTER",オイサン64〜悪霊のメルヒェン,ほんだし,1,False,17,False,twitter
https://bsky.app/profile/did:plc:xzl3a2wcmc6dzynvf4poiqrn/post/3lnjoivk7j22w,25/04/24 11:38:42,,粉末ほんだし、牡蠣しょうゆ、砂糖,ja,"SOCIALMEDIA,SOCIALMEDIA_BLUESKY",熟妻💗洋子の毎日💗ニュルニュル巻き付く何だこれ？的なのありマス🐍,ほんだし,1,False,16,False,twitter
https://bsky.app/profile/did:plc:qpjkhzkanf5ccloq6zx2j5ux/post/3mbs2jhuum22v,26/01/07 07:58:57,,ほんだしのCMの替え歌なんだけど まあ今時知らん人も多いのか……,ja,"SOCIALMEDIA,SOCIALMEDIA_BLUESKY",Eliza Welland@C107お疲れ様でした,ほんだし,1,False,32,False,twitter
http://twitter.com/and77782066/status/2009637777193984234,26/01/09 23:45:58,,"腐らせてしまいそうな人参を使い切るため、大根と豆腐で簡単汁～♪( ◜ω◝و(و "" 人参🥕3本 大根半分 豆腐450g 顆粒こんぶだし 顆粒ほんだし 固形コンソメ 味噌入れようと思ったけど味見したらちょうど良かった。温まる〜♨️😃 https://t.co/LBcE9FZGnX",ja,"SOCIALMEDIA,SOCIALMEDIA_TWITTER",桜餅(* ᐕ)🍶白牡丹(_･ω･)_ﾀｧﾝ,"ほんだし,コンソメ",2,True,139,False,twitter
https://blog.goo.ne.jp/kingfisher_20140728/e/374275f9cff9b7606455a597b44d68f1,24/08/02 06:31:59,2024.8.22. コーンキャロットポタージュ - 忙しくない人の、独り言（閻魔の笑い顔）,とうもろこし & ニンジンのポタージュ、、、それが、コレ！  とうもろこし： 1 本、ニンジン：3／4 本、タマネギ：1／4個、 牛乳：500ml  塩・コショウ・ほんだし顆粒・野菜ブイヨン・ローリエ（取り除いたょ！）  美味しく食べました  とうもろこし、消化が、、、なので、ハンドブレンダーで。。。グルグル・グルグル  そして、、、ゴクゴク、飲みました,ja,"BLOG,BLOG_OTHER",toppu,ほんだし,1,False,178,False,blog
http://twitter.com/havi0511/status/2001793103129452888,25/12/19 08:14:01,,【大根の葉ふりかけ】 大根や蕪の葉を水分を飛ばすように軽く炒めてから調味料を足していきます。胡麻油、ほんだし、上白糖、ヒガシマル牡蠣だし醤油で味を見て粗熱を取り出来上がり。 🍚ご飯がススム一品です。 https://t.co/hdiMFF8MKS,ja,"SOCIALMEDIA,SOCIALMEDIA_TWITTER",古月,ほんだし,1,False,123,False,twitter
http://twitter.com/LICA52174551/status/2001656794511552645,25/12/18 23:12:23,,シンプル焼きそば😀 無性にソースが欲しくなるときあるよね😼 豚こま肉、キャベツミックス、卵、マルちゃん焼きそば、付属ソース、料理酒、みりん、ウスターソース、ほんだし、生姜チューブ、からしマヨ、塩胡椒、黒胡椒、米油 https://t.co/S0DrdWUtPx,ja,"SOCIALMEDIA,SOCIALMEDIA_TWITTER",VEL,ほんだし,1,False,130,False,twitter
http://instagram.com/reel/DKl8eLvPm67,25/06/07 17:32:15,,味の素様よりご提供頂きました 「ほんだし®」と「AJINOMOTO® 焙煎ごま香味油」を使って 夏に嬉しいさっぱりサラダを作りました✨️ ・ ・ だんだん暑くなってきて 食欲もなくなってきますね… そんな時にもぴったりの！ さっぱりサラダのご紹介です✨️ ・ ・ #プロモーション #味の素 #ほんだし #サラダ #料理好き #料理好きな人と繋がりたい #レシピ動画 #簡単レシピ #焙煎ごま香味油,ja,"SOCIALMEDIA,SOCIALMEDIA_INSTAGRAM",hi_02.k,"味の素,ほんだし",2,True,199,False,twitter
https://lavender.5ch.net/test/read.cgi/male/1766790488/91,25/12/31 02:44:04,雑談 ヒゲが濃いのに接客業,リュウジの年越しそばレシピを観て、ほんだし（味の素社）の昆布だし買いにきた俺やけど！   どこにもないけどð,ja,"MESSAGEBOARD,MESSAGEBOARD_OTHER",,"味の素,ほんだし",2,True,54,False,messageboard
http://zyuube.sumomo.ne.jp/web/?p=7113,25/06/14 13:37:48,本田 - 治療院じゅうべえ,こんにちは。受付の美少女です。 最近見ているのは波うららかに夫婦日和です。 昭和の雰囲気が漂うドラマですが、俳優がとてもかっこいいんです。 わくいえみも出ています。 とても面白いです。 今日の先生の一言［ほんだし探しに 本田氏、佐賀市に］  The post 本田 first appeared on 治療院じゅうべえ.,ja,"BLOG,BLOG_OTHER",ming qian ※,ほんだし,1,False,160,False,blog
https://lavender.5ch.net/test/read.cgi/ogame3/1734942012/751,24/12/24 05:05:53,【pso2】phantasy Star Online2【42907】,>>745   (´・ω・｀)ダブルほんだし！！！？,ja,"MESSAGEBOARD,MESSAGEBOARD_OTHER",,ほんだし,1,False,26,False,messageboard
http://twitter.com/LisaDeLight/status/2001797938427920676,25/12/19 08:33:14,,@kikomotu ほんだし と ハイミー 飛ぶぞ,ja,"SOCIALMEDIA,SOCIALMEDIA_TWITTER",LiSA.,ほんだし,1,False,25,False,twitter
https://www.mapion.co.jp/news/release/000000094.000092524/,25/04/09 17:24:14,意外と知らない？大切な人が“一番好きなみそ汁”のこと。「ほんだし(R)」60g瓶 復刻デザイン 発売記念ムービー 味の素(株)「ほんだし(R)」、「二人のみそ汁会議」公開,新婚夫婦３組が、みそ汁を通してお互いのルーツや好みを共有  味の素株式会社(社長：中村 茂雄 本社：東京都中央区)は、香り・コク・味わいに優れた3種のかつお節を使用した、和風だしの素「ほんだし(R)」の発売当初のパッケージデザイン商品「『ほんだし(R)』60g瓶 復刻デザイン」の限定発売を記念して、WEBムービー「二人のみそ汁会議」篇を、2025年4月9日より公開します。  [画像1: https://prcdn.freetls.fastly.net/release_image/92524/94...,ja,"ONLINENEWS,ONLINENEWS_OTHER","one compath co., ltd. all rights reserved.","味の素,ほんだし",2,True,253,False,news
https://bsky.app/profile/did:plc:tns26u672a5dabvatfewqjpg/post/3m2w22auzx22m,25/10/11 20:04:44,,家族には出汁をとり、自分はほんだしです⭐️黒森たんです⭐️,ja,"SOCIALMEDIA,SOCIALMEDIA_BLUESKY",黒森さんちゃん,ほんだし,1,False,29,False,twitter
https://recipe.rakuten.co.jp/recipe/1020019835/,25/07/12 06:02:43,豚小間切れ肉と豆腐と大根の皮の豚汁 レシピ・作り方 by 簡単が一番！,1  食材を食べやすい大きさに切る。鍋に水と大根の皮と人参を入れて沸騰させる。 2  野菜に火がとおったら、豚小間切れ肉と長ネギを加え、2分ほど煮る。 3  豆腐・赤味噌・ほんだしを加え、2分ほど煮たら器に盛り、七味唐辛子をかけて完成。,ja,"ONLINENEWS,ONLINENEWS_OTHER","rakuten group, inc.",ほんだし,1,False,118,False,news
http://twitter.com/fff_child/status/2010979952720855485,26/01/13 16:39:17,,息子もしっかりご飯食べるのでほぼとりわけおかずな我が家 いつからほんだし使っていいですか… 無添加のお出汁はいつまでですか…,ja,"SOCIALMEDIA,SOCIALMEDIA_TWITTER",えふちゃん☺︎🕙,ほんだし,1,False,62,False,twitter
https://recipe.rakuten.co.jp/recipe/1060023237/,24/05/13 03:59:00,豆腐となすのお味噌汁 レシピ・作り方 by ひかりん★｜楽天レシピ,1  鍋に水を入れて火をつけナスを入れる 2  火が通ったら、豆腐を入れる 3  火が通ったら、味噌とほんだしをいれる,ja,"ONLINENEWS,ONLINENEWS_OTHER","rakuten group, inc.",ほんだし,1,False,59,False,news
http://twitter.com/kaneko_kouzou/status/2007777676845797398,26/01/04 20:34:35,,正月休み最後の夜だし、ワンカップ湯煎してほんだしで割って飲も,ja,"SOCIALMEDIA,SOCIALMEDIA_TWITTER",金子光三 a.k.a ﾁｬﾍﾞｽ🔞,ほんだし,1,False,30,False,twitter
https://recipe.rakuten.co.jp/recipe/1320025286/,25/06/08 08:45:07,わかめとタケノコの味噌汁 レシピ・作り方 by hana 41,1  タケノコは5mm幅の薄切りにする。 2  わかめは表記通りに水で戻す。えのきは3cmに切る。 3  鍋に水350㏄とほんだしを入れて、中火で煮立たせる。1、2を入れて、ひと煮立ちさせる。 4  火を止めて味噌を溶いたら完成。,ja,"ONLINENEWS,ONLINENEWS_OTHER","rakuten group, inc.",ほんだし,1,False,115,False,news
https://bsky.app/profile/did:plc:expqvgm3vmhjb62swppzq32x/post/3lvhrbjzvhc2b,25/08/03 12:44:30,,昼のそうめん タレはごま油・めんつゆ・みりん・ほんだしのミックス,ja,"SOCIALMEDIA,SOCIALMEDIA_BLUESKY",ゼータ・シンヌオー,ほんだし,1,False,32,False,twitter
https://recipe.rakuten.co.jp/recipe/1090056194/,25/01/24 07:24:00,しめじ・キャベツDeお味噌汁〜毎日お味噌汁〜 レシピ・作り方,ぶなしめじ 1/2 ブナピー(白しめじ) 1/2 キャベツ  100g 減塩味噌  ほんだし    水 600ml,ja,"ONLINENEWS,ONLINENEWS_OTHER","rakuten group, inc.",ほんだし,1,False,57,False,news
https://bsky.app/profile/did:plc:oeip4kukdbhhkwwp4qhnhzwy/post/3ltupumltrc2l,25/07/14 05:33:36,,TKGならぬTKU ・冷やしたまごかけうどん 【材料】 冷凍うどん1玉 たまご1つ ごま油大さじ1/2 ほんだし大さじ1/2 白ごま大さじ1 【作り方】 ①冷凍うどんを600w4分チンして冷水で〆る ②残りの材料をすべて混ぜたら①と絡めて完成,ja,"SOCIALMEDIA,SOCIALMEDIA_BLUESKY",まるみキッチン,ほんだし,1,False,121,False,twitter
http://twitter.com/gokigensandany/status/2006831969108373932,26/01/02 05:56:41,,おはようございます 年末に炊いた ごはん🍚が 残ってたんでw 卵3個に長ネギ 味の素、ほんだし顆粒 醤油で味付け玉子丼！ かんたん美味し。。。 https://t.co/HGrtFbt8iS,ja,"SOCIALMEDIA,SOCIALMEDIA_TWITTER",きただにひろし,"味の素,ほんだし",2,True,95,False,twitter
https://4meee.com/articles/view/30041348,25/01/30 18:15:00,毎日でも飽きないよ。知らなきゃ損する「さつまいも」の超簡単レシピ,JAグループ公式の「サツマイモとえのきの味噌汁」のレシピ  さつまいも 1/3本  えのき 1/6袋  ほんだし 小さじ1  水 200cc  味噌 大さじ1  さつまいもを使ったお味噌汁のメニュー、「サツマイモとえのきの味噌汁」に挑戦してみました♪  だし汁は手軽なほんだしを使っています。  どのように仕上がったのか、レビューをご覧ください♡  さつまいもは皮ごと薄切りにして、レンジでチンしましょう。  えのきは細かく切ってくださいね。  鍋に水とほんだしを入れ、さつまいもとえのきを加えて煮ま...,ja,"ONLINENEWS,ONLINENEWS_OTHER",mary,ほんだし,1,False,253,False,news
http://youtube.com/watch?v=LVBklBvlFxc#UgwzoC1CyJD2BVFZvpp4AaABAg.AIa1kieFkDaAIaB_sh7Iai,25/05/26 23:25:20,,従弟が、万博のほんだしてるから、せんでんに😂😂😂​@フルーツバスケット-y3e,ja,"SOCIALMEDIA,SOCIALMEDIA_YOUTUBE",@ぷーた-i3z,ほんだし,1,False,39,False,twitter
https://detail.chiebukuro.yahoo.co.jp/qa/question_detail/q14313449039/723047509,25/04/08 14:07:00,蕎麦湯を家で飲みますか？ お店だと美味しくいただきます 家ではつゆを ほんだし みりん しょうゆ だけなので飲まなくなりました ほんだしのつゆでも美味しいと思いますか？,家では蕎麦湯を飲みません。家で茹でる蕎麦の質も、専門の蕎麦屋よりも落ちます。 ほんだしは雑味があって、かつお節で出しを引き、合わせた蕎麦出しに比べれば味は落ちますね。,ja,"MESSAGEBOARD,MESSAGEBOARD_OTHER",晏文嬰,ほんだし,1,False,83,False,messageboard
https://hiroto-hate.hatenablog.com/entry/2024/10/12/202252,24/10/12 20:22:52,料理、雑記 10/9-11,10/9(水） おでん、ナスのチーズ焼き、麺つゆ酢ゴボウ、じゃがいも照り焼き、でした。  ・おでん だいたい良好。 練りもの多めで、大根少なめな感じでしたが。  おでんのつゆは、 オイスターソース、本だし、塩というのでやっています。簡単！ （たぶん元ネタはこれ↓） https://cookpad.com/jp/recipes/17424297-%E3%83%97%E3%83%AD%E3%81%AE%E5%91%B3%E3%81%8A%E3%81%A7%E3%82%93%E3%81%A4%E3%8...,ja,"BLOG,BLOG_OTHER",hiroto-hate,ほんだし,1,False,253,False,blog
http://twitter.com/mi_ss_on382515/status/2003853093491110011,25/12/25 00:39:41,,というわけでめっちゃ美味い白菜とワタリガニとたらこの味噌汁完成。ほんだしを入れなくとも土台の出汁がしっかり出てて、白菜も美味しくなってる。もうちょい白菜入れてもよかった。カニも殻ごと行けるところもあって良い。バーレーン産のカニさんでした。#みっそんはつくりたい https://t.co/6cxK0xsbp2,ja,"SOCIALMEDIA,SOCIALMEDIA_TWITTER",みっそん(みそ),ほんだし,1,False,154,False,twitter
http://toro.2ch.sc/test/read.cgi/ramen/1725766911/308,24/09/26 04:32:56,関西二郎インスパ情報交換スレ62,スープの豚感は許容できない薄さ..   ほんだし？のような表層的な和だしの味がして奥行きもなし。豚もペラい。   剣と同じで盛りだけは多いが、やはり醤油は褒めるところがない。次はカレーかな。,ja,"MESSAGEBOARD,MESSAGEBOARD_OTHER",ラーメン大好き＠名無しさん sage,ほんだし,1,False,95,False,messageboard
https://recipe.rakuten.co.jp/recipe/1020019872/,25/06/17 08:17:05,キャベツとみょうがの味噌汁 レシピ・作り方 by 帯広食堂,1  下準備として、キャベツを火が通りやすい大きさに切る。みょうがは細長く切っておく。 2  鍋に水を入れて沸騰させる。沸騰したら中火にして、手順1のキャベツを入れて3分程度茹でる。キャベツが茹だったらみょうがを入れて2分程度茹でる。 3  弱火にして、味噌とほんだし顆粒を入れてゆっくりかき混ぜる。味噌とほんだし顆粒が溶けたら器に盛りつけて完成。,ja,"ONLINENEWS,ONLINENEWS_OTHER","rakuten group, inc.",ほんだし,1,False,174,False,news
https://bsky.app/profile/did:plc:4tiw6jbehmnajpk5tngku45g/post/3lrmgryp3js2c,25/06/15 11:39:23,,ちくわ磯辺揚げの生き残りとわかめのおうどん、もやしと小松菜とじゃこ天の炒め物（ほんだしで味付け）です。 #青空ごはん部,ja,"SOCIALMEDIA,SOCIALMEDIA_BLUESKY",Odamaki,ほんだし,1,False,59,False,twitter
https://news.nissyoku.co.jp/news/yoshiokau20240722120136473,24/08/01 11:26:54,だしの素特集：味の素 こだわりの鰹節原料を訴求,味の素は昨秋から「ほんだし」のこだわりの鰹節原料を訴えてブランディングし、売上げを回復している。主用途の味噌汁は具だくさんの「うちの満菜みそ汁」を紹介して喚起。野菜摂取を促す「ラブベジ」などの販促を地域ごとに行っている。今3月期は味噌汁以外のメニュー提案を本格化。プチ贅沢の消費心理をとらえるアッパー商材の「休日だし。」はトライアル購買が進み、導入率を高めている。  「ほんだし」は香り、コク、味わいを引き出すため、3種にいぶし分けた鰹節を使っている。焙,ja,"BLOG,BLOG_OTHER",shea tsuito,"味の素,ほんだし",2,True,227,False,blog
https://bsky.app/profile/did:plc:xzl3a2wcmc6dzynvf4poiqrn/post/3lwkxoq37kc2z,25/08/17 12:42:26,,無性にソース系食べたくなって、焼きそば！ 鯛入り竹輪、エビ、イカ、ピーマン、キャベツ、ニンジン、目玉焼きトッピング🍳 甘めのお好み焼きソースと、粗挽き塩コショウ、粉末ほんだしで味付け😉 美味しいよ～👌,ja,"SOCIALMEDIA,SOCIALMEDIA_BLUESKY",熟妻💗洋子の毎日💗ニュルニュル巻き付く何だこれ？的なのありマス🐍,ほんだし,1,False,100,False,twitter
https://bsky.app/profile/did:plc:pstnp4gytealc3hmoh6jmqw5/post/3lpwecckqk226,25/05/24 23:31:04,,入稿済みの方はしっぽりにしたんだけど(えろほんだし…)(？)、今書いてるやつ1行増やしただけなのになんか読みづらい気がして、フォント選びとレイアウト調整に何時間かかけてる 明日には確定したい〜〜〜,ja,"SOCIALMEDIA,SOCIALMEDIA_BLUESKY",毎日ケーキ食べたい,ほんだし,1,False,98,False,twitter
http://twitter.com/halcho3_3/status/2001551136525004848,25/12/18 16:12:32,,@haryparo ほんだしさんありがとうございますー😆✨✨遊び半分で描き始めたら細かすぎてとても大変だったので😂楽しんでいただけて嬉しいです✨,ja,"SOCIALMEDIA,SOCIALMEDIA_TWITTER",春鳥 Halcho,ほんだし,1,False,72,False,twitter
http://twitter.com/mile_kocchi/status/2008082936063746434,26/01/05 16:47:34,,台湾🇹🇼戦利品☺️ ・ホテルオークラパイナップルケーキ ・サニーヒルズパイナップルケーキ ・ほんだし ・シューチョコ 欲しかったのは全部ゲットした👍 https://t.co/iBjg0tLuzD,ja,"SOCIALMEDIA,SOCIALMEDIA_TWITTER",コッチ@JALマイルで子連れ旅✈️,ほんだし,1,False,98,False,twitter
http://twitter.com/cab_freak_jp/status/2011396740705100125,26/01/14 20:15:27,,ハヤシライスを作りました。 ほんだしとデミソース、ケチャップ足して水を200ml位多くして増量。 煮卵入れたけど意外にも美味しい。 あとマカロニサラダ。 https://t.co/B9qpUd5shd,ja,"SOCIALMEDIA,SOCIALMEDIA_TWITTER",かず,ほんだし,1,False,100,False,twitter
https://bsky.app/profile/did:plc:tns26u672a5dabvatfewqjpg/post/3lwq52pwi222t,25/08/19 14:01:56,,ヴィーガンはほんだしとかも本来は食えないんすよね キノコか昆布だし ゼラチンも罠です、寒天かアガーじゃないとダメなんですよ,ja,"SOCIALMEDIA,SOCIALMEDIA_BLUESKY",黒森さん,ほんだし,1,False,61,False,twitter
https://bsky.app/profile/did:plc:xzl3a2wcmc6dzynvf4poiqrn/post/3lq4otlsvck2q,25/05/27 11:55:39,,直売所で買った小松菜と人参、玉葱ひら天の炒め煮（めんつゆ、みらん、粉末のほんだし） シーチキンと胡瓜のマヨ和え、昨日の味噌汁の残りと、ご飯の上につぶれた目玉焼きのせて牡蠣しょうゆかけて朝昼兼ご飯😋,ja,"SOCIALMEDIA,SOCIALMEDIA_BLUESKY",熟妻💗洋子の毎日💗ニュルニュル巻き付く何だこれ？的なのありマス🐍,ほんだし,1,False,98,False,twitter
http://twitter.com/bochi_neko/status/2006579996400484738,26/01/01 13:15:26,,お雑煮食べた(*ˊᵕˋ* ) 大根、白菜、にんじん、油揚げ🥕 味付けはほんだし、醤油、白だし（薄口醤油がなかったので）🫗 普段は鶏肉入れて作るんだけど、なくて店もあいてないので油揚げで代用しました🙌 でもこれはこれでおいしい(*´ ˘ `ㅅ)✨ #ぼっち猫の日常 https://t.co/3mCcyLhWfx,ja,"SOCIALMEDIA,SOCIALMEDIA_TWITTER",ぼっち猫🐾作家「転生したコミュ障OL、うっかりドラゴンをワンパンする」「異世界ごはん無双」など,ほんだし,1,False,155,False,twitter
https://blog.goo.ne.jp/okatama164/e/a0516c23a80fa93027f2ab49310a31e8,24/11/20 21:21:35,今日の晩御飯 - おかやん二人三脚,今日は”カシワ・マヨあおさ照り焼きM”  酒：砂糖＝1：S1 下味  マヨ：鶏がら：片栗粉＝1：S1：1  あおさ＝適宜  マヨの酸味が飛んで あおさの風味が美味  それと”豆腐・和風オムレツ”  卵：豆腐＝1個：150g ねぎ＝適宜  醤油：ほんだし：砂糖：片栗粉＝S1：S1：S1/2：S2  此れもホワホワで美味しい,ja,"BLOG,BLOG_OTHER",okatama164,ほんだし,1,False,161,False,blog
https://bsky.app/profile/did:plc:sruqpbcpsoqvz7ltqs2fcqza/post/3leydghezws2x,25/01/05 18:43:41,,自分用めも！！！！ ほんだし！！！！！ 砂糖！！！！！ 味の素！！ 弁当用カップ 16号！！！ ついでにゴミ袋！！！ あと麦茶パック！！！,ja,"SOCIALMEDIA,SOCIALMEDIA_BLUESKY",ねこ,"味の素,ほんだし",2,True,69,False,twitter
https://park.ajinomoto.co.jp/recipe/search/?search_word=%E3%82%AD%E3%83%A3%E3%83%99%E3%83%84%20%E3%80%8C%E3%81%8A%E5%A1%A9%E6%8E%A7%E3%81%88%E3%82%81%E3%81%AE%EF%BD%A5%E3%81%BB%E3%82%93%E3%81%A0%E3%81%97%E3%80%8D%20%E3%80%8CBistro%20Do%E3%80%8D%E3%82%AC%E3%83%BC%E3%83%AA%E3%83%83%E3%82%AF%E3%83%88%E3%83%9E%E3%83%88%E3%83%81%E3%82%AD%E3%83%B3%E3%82%BD%E3%83%86%E3%83%BC%E7%94%A8,24/10/23 10:57:28,「キャベツ 「お塩控えめの･ほんだし」 「Bistro Do」ガーリックトマトチキンソテー用」の人気レシピ 0件｜レシピ大百科（レシピ・料理）｜【味の素パーク】たべる楽しさを、もっと。,「キャベツ 「お塩控えめの･ほんだし」 「Bistro Do」ガーリックトマトチキンソテー用 」のレシピ検索結果 、  「キャベツ 「お塩控えめの･ほんだし」 「Bistro Do」ガーリックトマトチキンソテー用 」検索結果ページ,ja,"BLOG,BLOG_OTHER",copyright (c),ほんだし,1,False,115,False,blog
https://bsky.app/profile/did:plc:dlmklllkasodr3e5btad7z3o/post/3lq5tusc4ak2x,25/05/27 22:58:28,,水で出汁溶いて〜だと水分多めになっちゃうので、だし巻き卵作りたい時は顆粒のほんだしを小匙1/4くらい入れるとよいですよ！ うちはそこにみりん小匙1、醤油小匙1/4、砂糖小匙1、水ちょっと(10ccくらいなんとなくでいい)で焼くと美味しい卵焼きができます！試してみてください！,ja,"SOCIALMEDIA,SOCIALMEDIA_BLUESKY",アルト,ほんだし,1,False,137,False,twitter
http://instagram.com/reel/DMNVd2Cvr-u,25/07/17 21:09:46,,🍚鮭ときのこの和風クリームライス 🥄栄養表示（1人分・概算） エネルギー：約480kcal たんぱく質：約24g 脂質：約18g 炭水化物：約45g 食物繊維：約3g 塩分：約2.0g 🧂材料（1〜2人分） 生鮭（切り身）……1切れ しめじ……1/2株 長ネギ……少々 ごはん……茶碗1杯分 無調整豆乳……150ml 味噌……大さじ1 ほんだし……小さじ1 サラダ油 or バター……小さじ1 塩・こしょう……少々 トッピング：青ねぎ、黒こしょう、刻みのり（お好みで） #夜ごはん #鮭レシピ #フライパンごはん #クリームライス #豆乳レシピ #簡単レシピ #自炊記録 #一人暮らしごはん #節約ごはん #ヘルシーレシピ #和風クリーム,ja,"SOCIALMEDIA,SOCIALMEDIA_INSTAGRAM",,ほんだし,1,False,319,False,twitter
https://honichi.com/goods/items/0dcacbba-e2dd-416f-a08f-bc3fc2bcaa50/,25/10/31 00:04:47,味の素 ほんだし 小袋４袋入袋（Ｋ-４） ３２ｇ,「味の素 ほんだし 小袋４袋入袋（Ｋ-４） ３２ｇ」はインバウンドのどの属性に人気なのか  「味の素 ほんだし 小袋４袋入袋（Ｋ-４） ３２ｇ」はどの国籍の訪日外国人に人気なのか  「味の素 ほんだし 小袋４袋入袋（Ｋ-４） ３２ｇ」はどの言語を使う訪日外国人に人気なのか  「味の素 ほんだし 小袋４袋入袋（Ｋ-４） ３２ｇ」はどの年代・性別の訪日外国人に人気なのか  訪日外国人は「味の素 ほんだし 小袋４袋入袋（Ｋ-４） ３２ｇ」をどこで興味を持つのかランキング  訪日外国人は「味の素 ほんだ...,ja,"BLOG,BLOG_OTHER",supported by rakuten developers,"味の素,ほんだし",2,True,253,False,blog
https://bsky.app/profile/did:plc:vxethfoy45xlpxhim2g5phtn/post/3m2vzymym5s2p,25/10/11 20:03:49,,簡単じゃない？ ほんだしの素と味噌と具材ぶちこんで沸騰しないように管理するだけだよ,ja,"SOCIALMEDIA,SOCIALMEDIA_BLUESKY",カルピス,ほんだし,1,False,41,False,twitter
http://twitter.com/nagil_thurston/status/2005111550722593259,25/12/28 12:00:21,,なんやこれ #MSE朝食祭り 昨日味付けしょっぱかった野菜炒めをスープにしたものです。 豆腐白菜ほんだし追加で優しい味に もう昼やんけ https://t.co/nAQGSfBWpj,ja,"SOCIALMEDIA,SOCIALMEDIA_TWITTER",ナギル・サーストン,ほんだし,1,False,91,False,twitter
https://bsky.app/profile/did:plc:x5btf7j66eeakzoi55mrtvs3/post/3lkazjyopglq2,25/03/13 20:46:07,,このあいだ作った梅流しを冷蔵庫に保存してたの思い出したので、大根につけて食べる味噌用意したり、ほんだしの量を増やしたりしてみたら美味しく食べやすくなった 大根+味噌の組み合わせは最高だけど、塩分が気になるからほどほどにしたいね,ja,"SOCIALMEDIA,SOCIALMEDIA_BLUESKY",木刀ムラサマー,ほんだし,1,False,113,False,twitter
https://bsky.app/profile/did:plc:y3yqao7xudvm5kl6bjkynek7/post/3lexyozpn222z,25/01/05 15:31:37,,そんでもってちょっと米油をかけて食うと気持ちまろやかになって美味しい。ほんだしの素がそのままふりかけの顆粒そのままだった事に今気付くとは自分もまだまだ人生浅いところしか生きてないのだなとしみじみしじみ汁飲みたい(),ja,"SOCIALMEDIA,SOCIALMEDIA_BLUESKY",∪〰〰〰҂ꚑꙍ𖤣𖥧𖥣𖡡·˖🍣,ほんだし,1,False,107,False,twitter
https://headtopics.com/jp/2161912398320321149180-52513812,24/05/14 11:08:00,味の素㈱、料理の中で目立つことのない“風味調味料”が素材の味、香り、食感を引き出すなど料理の「影の主役」として機能していることを立証,「ほんだし」と市販の和風液体だしを使用した小松菜のお浸しを比較した結果、「ほんだし」で作ったお浸しの方が「素材の香り、味、うま味」が強い結果となりました。「ほんだし」は香り・味・うま味をアップさせて素材を引き立てると言えます。適正量の2倍の「コンソメ」と塩でそれぞれピラフを作ったところ、「コンソメ」は「味のバランス・統一感」が適正量とほぼ変わらない結果となりました。多めに入れてしまっても「コンソメ」は味付けに失敗しにくいと言えます。「ほんだし」と「丸鶏がらスープ」でも同じ実験を行ったところ、同様...,ja,"ONLINENEWS,ONLINENEWS_OTHER",PRTIMES_BIZ,"ほんだし,コンソメ,丸鶏がらスープ",3,True,253,False,news
http://twitter.com/ruma_kure17/status/2001583542313324828,25/12/18 18:21:18,,ごま油とほんだしと牡蠣醤油を混ぜたらめちゃ美味い卵焼き出来た(｀・ω・´)b,ja,"SOCIALMEDIA,SOCIALMEDIA_TWITTER",るましぃ・くれと🐾⚙️📕,ほんだし,1,False,38,False,twitter
https://lavender.5ch.net/test/read.cgi/karaok/1765428812/738,25/12/14 01:56:41,語りたい人寄っといでスレpart.5,>>736   しめじとほんだしで完璧な旨味が出るな……   醤油とみりんで更に完璧だし,ja,"MESSAGEBOARD,MESSAGEBOARD_OTHER",,ほんだし,1,False,44,False,messageboard
http://twitter.com/s7R8cmWfBlscoZs/status/2010018925753577571,26/01/11 01:00:30,,@naosensei226 ほんだしとみりんと醤油でスープを作る！,ja,"SOCIALMEDIA,SOCIALMEDIA_TWITTER",ゴエモンのパッパ,ほんだし,1,False,33,False,twitter
https://popnroll.tv/articles/42327,25/01/03 07:05:06,本多しおり（FES☆TIVE）、フレッシュな魅力を解き放つ！ 『FLASH』登場,FES☆TIVEの本多しおりが、本日2月4日（火）発売の『FLASH』1763号（光文社）に登場した。  タイで幾度もライブを行ない、モンゴルの観光大使も務めるなど、日本のみならずアジアで人気を博すFES☆TIVEの本多しおり。  同号では、水着グラビアを5ページにわたり披露。  フレッシュな魅力にあふれながら、大人びた雰囲気も醸し出している。  本多しおり（ほんだしおり）プロフィール12月20日生まれ、埼玉県出身 ＜ミスマガジン2019＞ファイナリスト。2023年5月にFES☆TIVEに加入。...,ja,"ONLINENEWS,ONLINENEWS_OTHER",cipeji,ほんだし,1,False,253,False,news
http://instagram.com/reel/C8b423lS6It,24/06/20 20:27:57,,味の素株式会社様から商品を提供していただきました。 「箸止まらん！ペラペラきゅうり」 【材料】 きゅうり…1本 ラー油…2滴ほど（小さじ1/2） ごま油…小さじ2 ほんだし…小さじ1 白ごま…小さじ1 ①ピーラーできゅうりをスライスする ②調味料混ぜる ③スライスきゅうりと②を絡める ④冷蔵庫で30分ほど冷やす ⑤ごまをねじりがけする #pr #ほんだし #きゅうりレシピ #簡単レシピ動画 #料理初心者 #初心者レシピ #ズボラレシピ kurashiru,ja,"SOCIALMEDIA,SOCIALMEDIA_INSTAGRAM",,"味の素,ほんだし",2,True,229,False,twitter
http://instagram.com/p/DJdxY_kz6Gd,25/05/10 16:46:48,,他のおにぎりレシピは👉🏻mio_onigiri 本日のおにぎりは… 〖ねぎ梅しらすおにぎり〗です🍙 ┈┈┈┈┈┈┈ ❁ ❁ ❁ ┈┈┈┈┈┈┈┈ 今日も今日とて、いつもの福梅本舗(fukuume_hompo_official )様の 梅を使って、さっぱりめなおにぎりを作ってみました❣️ これから暑くなってくるので、梅おにぎりがさらに美味しく感じてきますね〜🍙🤤 ————— 𓂑 𓌈 材料はこちら👇🏻 《 1個分 》 ・ごはん…120g ・青ネギ…みじん切りで大さじ2 ・梅干し…1個 ・ごま…小さじ1 ・しらす…大さじ1～2 ・顆粒ほんだし…少々 𓂑 𓌈 ————— 塩分濃度が高めの梅干しは、お米の優しい甘味とマッチしてさらにおにぎりが美味しくなりますね♡ こちらのおにぎりは、 ⧉ 冷凍保存👉🏻OK😆💓 ⧉ お弁当用持ち運び👉🏻OK😆💓（保冷剤つけてね🧊） 私のおにぎりレシピで、 多くの方に笑顔になっていただけたら 嬉しいです☺️🌸 ┈┈┈┈┈┈┈ ❁ ❁ ❁ ┈┈┈┈┈┈┈┈ #おにぎり #おにぎりレシピ #おにぎりの具 #おにぎりアクション #おにぎり弁当 #おむすび #遠足弁当 #簡単レシピ #簡単おにぎり #簡単弁当 #ごはんぐらむ #簡単メニュー #ズボラ飯 #お弁当 #キッチングラム #節約レシピ #時短レシピ #節約ごはん #節約料理 #作り置きレシピ #作り置き #混ぜご飯 #冷凍おにぎり #ごちそうおにぎり #あんばい商店 #梅干し #スイーツ #pr,ja,"SOCIALMEDIA,SOCIALMEDIA_INSTAGRAM",,ほんだし,1,False,643,False,twitter
https://ameblo.jp/nekonotategami01/entry-12941514859.html,25/10/28 07:53:04,あれよあれよの１３分。富士山、昨日の朝……になる前。,よく使うかつおだし教えて！  ▼本日限定！ブログスタンプ  特に拘りはなく味の素の『ほんだし』  漸く晴れハレどぴ〜か〜ん な朝〜  今朝は田子の浦港からオハヨ〜ございます  海の匂いも漁船のエンジン音も久し振りだなぁ。  さて、富士山の見える・見えないが  結構ビミョ〜だった昨日は  散々迷走した末に、結局  いつもの田んぼに落ち着いて  撮影開始したのが午前４時３６分でした。  富士山の左に北斗七星に狙いを定めたのが４２分。  この僅か８分の間に、もやんもやんと雲が。  雲が〜？ と思って６...,ja,"BLOG,BLOG_OTHER","cyberagent, inc. all rights reserved.","味の素,ほんだし",2,True,253,False,blog
http://twitter.com/Tomotan49599667/status/2005121173412348080,25/12/28 12:38:35,,こんな短冊アリ？(70) 年始に向けての料理に欠かせないお出汁「ほんだし」のCMソング。三田佳子さんの「お箸の国の人だもの。」のキャッチフレーズとともに、由紀さんの「♪うれしくってゆらゆら〜」と印象に残るボーカルです。 1988年発売 由紀さおり「ゆらゆら」 ＃由紀さおり ＃8cmCD https://t.co/ZHJNO7tUHt,ja,"SOCIALMEDIA,SOCIALMEDIA_TWITTER",タントモ,ほんだし,1,False,167,False,twitter
https://news.livedoor.com/article/detail/27642773/,24/11/27 08:00:10,「ほんだし(R)」誕生55周年、関西では「小袋タイプ」がよく売れる!?ブランドロゴの“かつおの向き”に隠された秘密とは？,寒い日が続くなか、味噌汁や鍋料理などの味付けに「ほんだし」を重宝する人は多いかもしれない。ほかにも、炒め物や煮物といった幅広い料理に活用できる万能調味料として、今や私たちの食卓に欠かせない存在と言える「ほんだし」。  【画像】発売当時の「ほんだし」。ブランドロゴであるかつおの向きが現在とは逆になっているが、その理由とは...  2025年には誕生55周年を迎える「ほんだし」だが、実はブランドロゴであるかつおの向きに込められた想いがあったり、地域によって売れ筋が違ったりするのはご存知だろうか。  ...,ja,"ONLINENEWS,ONLINENEWS_OTHER",raibudoanyusu bian ji bu,ほんだし,1,False,253,False,news
https://bsky.app/profile/did:plc:j4mz7lmliv6vqhit6ypgzyrn/post/3lvkwrrtlkk2w,25/08/04 19:01:03,,本日の夕食 ブリと野菜のホイル焼き🐟🥦🥬🍄‍🟫 ブロッコリー、キャベツ、ホワイトブナしめじ、ネギを特製味噌ダレで焼き上げました 仕上げにバター🧈を載せて味噌バターに 天才的な美味しさ… 味噌ダレ ・白味噌 ・醤油 ・味醂 ・酒 ・蜂蜜 ・生姜 ・ほんだし #キッチン流れ星 #青空ごはん部,ja,"SOCIALMEDIA,SOCIALMEDIA_BLUESKY",流れ星,ほんだし,1,False,144,False,twitter
https://asahi.5ch.net/test/read.cgi/newsplus/1736597116/70,25/01/12 05:37:24,ホンダのＨＶシビック、北米カーオブザイヤー受賞…「楽しく運転でき価格も手頃」 [蚤の市★],ほんだしビック,ja,"MESSAGEBOARD,MESSAGEBOARD_OTHER",,ほんだし,1,False,7,False,messageboard
https://medaka.5ch.net/test/read.cgi/car/1736303316/445,25/01/20 04:47:54,うちさぁ、車あんだけど・・・乗ってかない？ 289,K！がなくなってもHNDと合体(意味深)したから安心！   HNDとNSSNとMTBSと三角形になって…え？ほんだしの誕生か？,ja,"MESSAGEBOARD,MESSAGEBOARD_OTHER",,ほんだし,1,False,63,False,messageboard
http://twitter.com/suzukisub0703/status/2006268115953541456,25/12/31 16:36:08,,出汁をひくたび、ほんだしってすげーってなる それはそうと面倒かけたい欲が満たされる,ja,"SOCIALMEDIA,SOCIALMEDIA_TWITTER",すずき？,ほんだし,1,False,41,False,twitter
https://news.mixi.jp/view_news.pl?from=recent_list&id=7838113&media_id=114,24/04/24 14:09:48,【時短飯レシピ】地味だけど落ち着く味！電子レンジで味の素「ほんだし」が決め手のチキンキーマカレーを完成！,この春、進学や就職などで自炊デビューする皆さ〜ん。 何を作るか困ったときはとりあえず「カレー」です！  電子レンジだけで作れる 「材料4つ!? だしが決め手のチキンキーマカレー」なら新生活でドタバタなときでもサッと1人前のカレーを作れちゃうんです。  使うのは味の素「ほんだし」。いわゆる “味噌汁作るときに使うだし” なんですが、味噌汁だけじゃなく、調理法やジャンル問わずつどんな料理にも使える、地味だけどスゴい万能調味料なのです。  【和洋中いろんなレシピに活用できる「ほんだし」】  「ほんだし...,ja,"ONLINENEWS,ONLINENEWS_OTHER",besuborukingu,"味の素,ほんだし",2,True,253,False,news
https://anglers.jp/fishings/4615096,25/05/11 17:00:46,ほんだしさんの2025年05月11日(日)の釣行(岐阜県 - 庄川（岐阜）),ほんだし  >  ヤマメ  16.0℃ 北北西 1.7m/s 1006hPa 岐阜県 庄川（岐阜）,ja,"ONLINENEWS,ONLINENEWS_OTHER",11ri (ri),ほんだし,1,False,49,False,news
https://park.ajinomoto.co.jp/recipe/search/?search_word=%E3%82%AD%E3%83%A3%E3%83%99%E3%83%84%20%E3%80%8C%E3%81%BB%E3%82%93%E3%81%A0%E3%81%97%20%E3%81%84%E3%82%8A%E3%81%93%E3%81%A0%E3%81%97%E3%80%8D%20%E3%80%8CCook%20Do%20KOREA%EF%BC%81%E3%80%8D%E3%82%BF%E3%83%83%E3%82%AB%E3%83%AB%E3%83%93%E7%94%A8,24/10/23 13:46:58,「キャベツ 「ほんだし いりこだし」 「Cook Do KOREA！」タッカルビ用」の人気レシピ 0件｜レシピ大百科（レシピ・料理）｜【味の素パーク】たべる楽しさを、もっと。,「キャベツ 「ほんだし いりこだし」 「Cook Do KOREA！」タッカルビ用 」のレシピ検索結果 、  「キャベツ 「ほんだし いりこだし」 「Cook Do KOREA！」タッカルビ用 」検索結果ページ,ja,"BLOG,BLOG_OTHER",copyright (c),"ほんだし,クックドゥ",2,True,105,False,blog
https://bsky.app/profile/did:plc:xzl3a2wcmc6dzynvf4poiqrn/post/3lqlxi3o4yk2x,25/06/02 13:40:13,,直売所で買った、茄子、シメジ、椎茸、薄揚げ、竹輪の炒め煮 多めの油で炒めて、めんつゆ、みりん、粉末ほんだしのみの味付け,ja,"SOCIALMEDIA,SOCIALMEDIA_BLUESKY",熟妻💗洋子の毎日💗ニュルニュル巻き付く何だこれ？的なのありマス🐍,ほんだし,1,False,59,False,twitter
https://recipe.rakuten.co.jp/recipe/1060023318/,24/06/09 08:23:13,カニカマとキャベツと豆腐のお味噌汁 レシピ・作り方 by ひかりん★｜楽天レシピ,カニカマとキャベツと豆腐のお味噌汁ひかりん★  水 / 500CC  みそ / 大さじ2〜3  ほんだし / 小さじ1  カニカマ / 3本  豆腐 / 1個  キャベツ / 3枚  毎日お味噌汁,ja,"ONLINENEWS,ONLINENEWS_OTHER","rakuten group, inc.",ほんだし,1,False,98,False,news
http://twitter.com/kMa_aDH/status/2003082989367157158,25/12/22 21:39:34,,【出演者の皆さん(敬称略)】 ・あいなま @berry4830 ・いはら @MKWk8y7vA1iI4j2 ・クロド @vj_kurodo ・しょうりん @shorin_ken ・たに @aikatsu_3yu ・ほんだし @h314159265358 ・かしま @CuPteknrn ・りぶーん,ja,"SOCIALMEDIA,SOCIALMEDIA_TWITTER",りぶーん,ほんだし,1,False,148,False,twitter
http://twitter.com/mafu_sinca/status/2011380477383631054,26/01/14 19:10:50,,本出す予算が算出できなくてぇ… 今度イラスト寄稿することになってるのでそこで色々知りたいな〜 まず、今の仕事慣れて収入あげます… （出し方はだいたいわかるけど、めちゃ大貧金欠なだけ） https://t.co/t9EJs1kCcf QT @mafu_sinca: おれもほんだしてぇ…自分のサークルで,ja,"SOCIALMEDIA,SOCIALMEDIA_TWITTER",冬吉,ほんだし,1,False,150,False,twitter
https://bsky.app/profile/did:plc:ltzawspe43uzmyfotfxozufq/post/3lhleonjedk2r#3lhlv7mgyft2c,25/02/08 00:12:57,,RP @camp-area-play.bsky.social: 106）2025.2.7）書き忘れ～❶ゴハンをフライパンに投入の時「ほんだし」入れまーす～❷しょう油は、フライパンの周りを円を描くように、かけて、こがししょう油で味付けしまーす～～以上、チャーハンライフでした～☆☆☆,ja,"SOCIALMEDIA,SOCIALMEDIA_BLUESKY",なつ,ほんだし,1,False,140,False,twitter
https://www.zaikei.co.jp/releases/2882613/,25/04/09 14:38:25,意外と知らない？大切な人が“一番好きなみそ汁”のこと。「ほんだし(R)」60..（味の素株式会社 プレスリリース）,意外と知らない？大切な人が“一番好きなみそ汁”のこと。「ほんだし(R)」60g瓶 復刻デザイン 発売記念ムービー 味の素(株)「ほんだし(R)」、「二人のみそ汁会議」公開  配信日時: 2025-04-09 13:00:00  新婚夫婦３組が、みそ汁を通してお互いのルーツや好みを共有  味の素株式会社(社長：中村 茂雄 本社：東京都中央区)は、香り・コク・味わいに優れた3種のかつお節を使用した、和風だしの素「ほんだし(R)」の発売当初のパッケージデザイン商品「『ほんだし(R)』60g瓶 復刻デザ...,ja,"ONLINENEWS,ONLINENEWS_OTHER",,"味の素,ほんだし",2,True,253,False,news
https://bsky.app/profile/did:plc:4g53jhqjwgzrakrro733c6mx/post/3mc7w7qlus227,26/01/12 20:19:12,,今日はぶりの照り焼き、ほうれん草としめじのおろし和え、かぼちゃの甘煮。図書館で狭心症の本と、減塩食の本を借り、スーパーで減塩ほんだしを買って帰ってきた。おろし和えは頂き物のレモンがまだたっぷりあるので、たっぷり絞った。酸っぱいの駄目な配偶者もレモンの酸味なら食べられる。かぼちゃはみりんのみで煮るレシピ。当然甘い…甘みと酸味で減塩という理屈だろうが、糖尿病も併発してたらどうすればいいか分からんな…薄味、おいしいけど米はすすまんね…子どもたちが育ち盛りになったら文句言ったりするんだろうか。,ja,"SOCIALMEDIA,SOCIALMEDIA_BLUESKY",ashidaka1208,ほんだし,1,False,245,False,twitter
https://fr.finalfantasyxiv.com/lodestone/character/57708739/blog/5644786/,26/01/05 20:29:37,Articles de Baby Blitzkrieg ( Love that sweet time？ The Cult - Love！！) | FINAL FANTASY XIV,https://www.youtube.com/watch?v=Qcv-Ah2q3ag  The Cult - Love  あれも愛？ これも愛？ たぶん愛？ きっと愛？ （笑）  格好良いっ！！この曲は昔から好きです。(｡-_-｡) ぽっ  サビメロなんか最高です。  と書きながら・・・・・・本田氏じゃない ほんだし 白みそ 醤油 ほんのすこし砂糖とハイミー、  豚汁用のカットされた野菜をスーパーで購入！（笑）で・・・作りました！雑煮もどき！！  引き続き餅を焼いて食べております。（笑）  １...,ja,"BLOG,BLOG_OTHER",SQUARE ENIX Ltd.,ほんだし,1,False,253,False,blog
http://twitter.com/Ruru79283418/status/2007295335090270266,26/01/03 12:37:56,,やっとお正月感を感じる。 雑煮はどうしてもアゴだしにしたく ほんだしをアゴだしにしました。 ホッとする味でした。 さて片付けるか。 外見てもまっちろで 明後日の初出勤に不安しかない。 雪かきは明日にする。,ja,"SOCIALMEDIA,SOCIALMEDIA_TWITTER",Ruru,ほんだし,1,False,102,False,twitter
https://mevius.5ch.net/test/read.cgi/ramen/1748708173/398,25/06/19 16:43:55,【店炊限定】家系総合スレッド Part182,>>391   ていうか味が落ちた   ほんだしの味なんてしないがスープのバラつきが多すぎる,ja,"MESSAGEBOARD,MESSAGEBOARD_OTHER",,ほんだし,1,False,46,False,messageboard
https://oceans-nadia.com/recipe_list/4319,24/10/05 13:10:14,「カツ丼」30選｜ご飯が止まらない,1.解凍要らず☆下味冷凍ですぐ完成！『ふわとろ卵の絶品かつ丼』  10分(解凍後)  下味冷凍ですぐに作れる絶品カツ丼です！ ボリュームたっぷりでがっつり食べれます♡甘辛つゆととろ〜り卵が絶品です！ 下味冷凍しておけば、凍ったまま使えてすぐに晩御飯が完成するので、ぜひ作ってみてくださいね♪  豚ロース（とんかつ用）、玉ねぎ、塩胡椒、小麦粉、溶き卵（かつ用）、パン粉、水、醤油、酒・みりん、砂糖、ほんだし、揚げ油、溶き卵、刻みねぎ、ごはん  3.【絶品カツ丼】市販のとんかつで作る♪定番カツ丼レシピ！...,ja,"ONLINENEWS,ONLINENEWS_OTHER",copyright ©,ほんだし,1,False,253,False,news
http://seijibaseball.blog.fc2.com/blog-entry-2809.html,25/10/27 19:00:00,簡単 麻婆麺,この日は、「麻婆麺」が食べたくなったのですが、 あまり時間をかけたくなかったので、「丸美屋の麻婆豆腐の素」 でチャレンジ  【材料】（2人分） 丸美屋 麻婆豆腐の素 中華麺・・・お好きな2玉 豆腐・・・1丁350ｇ（絹/木綿どちらでも）  長ネギ・・・レンゲ山盛り分（粗め粗みじん） 葉ネギ・・・適量（スライス） ニンニク・・・２かけ分（ネギとサイズ合わせる） 豚ひき肉・・・150g  〈スープ〉 水・・・400cc 鶏ガラの素・・・小さじ2 ほんだし・・・小さじ2 醤油・・・小さじ2  麺は、何...,ja,"BLOG,BLOG_OTHER",永遠の野球少年,ほんだし,1,False,253,False,blog
https://asahi.5ch.net/test/read.cgi/newsplus/1741522126/374,25/03/10 05:48:41,一生自炊できない人の思考回路「レシピ多すぎ、コスパ悪すぎ、献立ムズすぎ、皿洗い嫌」自炊は非効率？★４ [Gecko★],>>350   ああ、そういやごま油は大事だねｗｗｗ  オリーブ油は別になくてもいいｗｗｗ   ほんだしはめんつゆで可換ｗ  豆板醤はありゃ便利だけど、なくてもさほどｗ   オイスターソースも別になくてもいいんじゃないかなｗ,ja,"MESSAGEBOARD,MESSAGEBOARD_OTHER",,ほんだし,1,False,112,False,messageboard
http://twitter.com/Wabisabi_Wasami/status/2001916099294826788,25/12/19 16:22:46,,ほうれん草と梅干しのめんつゆおにぎりと 枝豆と塩昆布のほんだしおにぎり 次からはラップに包む前に写真撮ろ… #ワサ美の台所 https://t.co/iN4PaWkmFZ,ja,"SOCIALMEDIA,SOCIALMEDIA_TWITTER",侘美寂美ワサ美🧩🍵,ほんだし,1,False,85,False,twitter
http://gfoodd.com/post-244226/,25/12/10 22:00:02,【募集】キャベツと鶏むね肉をなるべくシンプルで最短で美味しくする料理は？,1: 名無しさん＠おーぷん 23/11/22(水) 23:16:12 ID:TKKJ  鶏むね肉とキャベツのペペロンチーノ？  2: 名無しさん＠おーぷん 23/11/22(水) 23:16:41 ID:uaEg  キャベツと胸肉を焼いて焼肉のタレで食べる  5: 名無しさん＠おーぷん 23/11/22(水) 23:17:08 ID:TKKJ  焼き肉のタレ無いっす🥺  3: 名無しさん＠おーぷん 23/11/22(水) 23:16:53 ID:109j  ほんだしかけて蒸す  6: 名無しさ...,ja,"BLOG,BLOG_OTHER",o ming qian,ほんだし,1,False,252,False,blog
https://recipe.rakuten.co.jp/recipe/1120025730/,25/01/27 06:44:01,豚丼(つゆだく) レシピ・作り方 by とらねこのぱせり,豚丼(つゆだく)とらねこのぱせり  ご飯 / 2膳  豚肉(薄切り) / 150ｇ  玉ねぎ / 1/4個  ◎めんつゆ / 1/2カップ  ◎水 / 1/4カップ  ◎酒 / 大2  ◎みりん / 大1  ◎砂糖 / 小1  ◎ほんだし / 小1  ◎生姜(すりおろして) / 小1/2  紅生姜 / 10g  つゆだくの豚丼を作りました✨,ja,"ONLINENEWS,ONLINENEWS_OTHER","rakuten group, inc.",ほんだし,1,False,171,False,news
http://twitter.com/yIBrwV79KySmIo1/status/2004795931636760799,25/12/27 15:06:12,,@aaaya_konbuuu 栄養剤だけだとセレンとかの栄養素が不足すると言われたので、ほんだしを溶かしたお湯を冷まして注入するだけでも良い効果があると先生が言ってました〜😆,ja,"SOCIALMEDIA,SOCIALMEDIA_TWITTER",はむ@4y+2y,ほんだし,1,False,87,False,twitter
http://twitter.com/Ryo_okegawa/status/2009829710969352694,26/01/10 12:28:38,,@naosensei226 「麺つゆとほんだし」さえ常備してればイケるのでは？欲を言えばシャンタンDXも追加したい所ですけど(ちなみに私は麺つゆとほんだしとシャンタンは常にストック切れないよう気をつけてます),ja,"SOCIALMEDIA,SOCIALMEDIA_TWITTER",桶川カネコ,ほんだし,1,False,104,False,twitter
https://detail.chiebukuro.yahoo.co.jp/qa/question_detail/q10313963550/724125055,25/04/20 09:45:00,これ一つで味が決まるっていう調味料を教えてください。,めんつゆ、白だし、ほんだし、キムチの素 あとは鍋つゆの素好きな物入れるだけで1発ですよね。プチッと鍋がオススメです。,ja,"MESSAGEBOARD,MESSAGEBOARD_OTHER",1251512630,ほんだし,1,False,58,False,messageboard
https://recipe.rakuten.co.jp/recipe/1900024927/,25/03/06 08:08:47,大根と白菜のベーコン入り味噌汁 レシピ・作り方 by ☆りんりんりん☆,大根と白菜のベーコン入り味噌汁☆りんりんりん☆  材料（3〜4人分） ●水 / 600cc  ●ほんだし / 一本  ●大根（銀杏切り） / 2センチ分  ♪白菜（細切り） / 1/2枚  ♪ベーコン（細切り） / 2枚  味噌 / 大さじ2.5〜3.5  ネギ（小口切り） / 大さじ1  家族に好評のお味噌汁です♪,ja,"ONLINENEWS,ONLINENEWS_OTHER","rakuten group, inc.",ほんだし,1,False,159,False,news
https://bsky.app/profile/did:plc:fnpcty44uc3d6a3fcidk4zqu/post/3lsbb7o3sbk23,25/06/23 18:25:34,,これは今日食べたパスタ。合い挽き肉、茄子、ねぎを炒めて塩胡椒、白だし、ほんだし、かき醤油で味付けしていただきました。美味い。 #青空ごはん部 #自炊班,ja,"SOCIALMEDIA,SOCIALMEDIA_BLUESKY",Takashi4.5,ほんだし,1,False,75,False,twitter
http://instagram.com/reel/DKvfuZ9zbts,25/06/11 10:43:04,,今朝の朝ごはん☔️ パパがキャンプ用に買った 炙り用の トーチバーナーを使い 簡単チャーハンアレンジ 冷凍ご飯をレンジでチン 市販の焼き豚があったので 細かく刻み ネギ、冷凍コーン、 冷凍エビも小さめにカット✂️ 楽ちんな キッチンバサミだいすき派😂 最近は食材の無駄買いをなくす為 冷蔵庫、冷凍庫にあるものを いかに使い切るかに 燃えています😅 あとは 焼き豚に味が付いているので 調味料は 塩、醤油、サラダ油、 ほんだしを適当に加減して 卵を入れようかと思いつつ 目玉焼きに変え あっ！あれ使わなきゃと🤔🤩 カロリーを考えチーズを 少なめだったので 炙りが少なく残念 やっぱ チーズはたっぷり贅沢に 炙るべきだな🧀 優しい味のチャーハン 少しチーズも香ばしくなったけど 美味しかった ご馳走さま 炙りや焦げ目をつけて 料理をアップグレード✨✨✨✨ 点火レバーを握ると点火 離すと瞬時に消火 カセットガスクッキング トーチバーナー 楽しいから どんどん自宅で使います🔥 映えグッズとしても おすすめですよ😂👍 #朝ごはん #簡単チャーハンアレンジ #炙りチーズ #カセットガストーチバーナー #トーチバーナー #映えグッズ #食材の無駄買いを無くす #節約 #料理写真 #料理動画 #dialyvlog #暮らしの動画 #料理すきな人と繋がりたい #写真すきな人と繋がりたい #キャンプすき,ja,"SOCIALMEDIA,SOCIALMEDIA_INSTAGRAM",,ほんだし,1,False,596,False,twitter
https://blog.goo.ne.jp/okatama164/e/b1eb391898258bc37aedd276c0479880,24/01/30 19:05:42,今日の晩御飯 - おかやん二人三脚,今日は”カシワ・粉チーズマヨ焼きM”です  粉チーズ：マヨ：酒：塩胡椒＝1：1：S1：適宜  短時間漬け込んでパン粉を塗して  オリーブオイルで 弱火片面5分＊2  マヨで柔らかく、程よい旨味です  それに”ちくわ・白菜炊いたん”です  水150㏄(ほんだし入り)  醤油：酒：砂糖＝1：1：0.5  落し蓋して 15分  ちくわがええ仕事してるわぁ,ja,"BLOG,BLOG_OTHER",,ほんだし,1,False,175,False,blog
https://recipe.rakuten.co.jp/recipe/1850028204/,24/10/13 05:58:14,かぼちゃと大根のみそ汁 レシピ・作り方 by ⭐︎料理初心者主婦の簡単料理⭐︎｜楽天レシピ,1  かぼちゃは食べやすい大きさに切り、大根はいちょう切りにする 2  鍋に水•ほんだし•かぼちゃ•大根を入れ中火で熱する。沸いたら弱火にする 3  かぼちゃに竹串がスッと入る硬さになったら、みそをといて出来上がり,ja,"ONLINENEWS,ONLINENEWS_OTHER","rakuten group, inc.",ほんだし,1,False,107,False,news
https://bsky.app/profile/did:plc:csa7v5m2mumrcsq56zpf3vfa/post/3lsrwtzdfbk2h,25/06/30 09:35:21,,水を沸騰させてほんだしと醤油、塩で味付けしただし汁をご飯にかけて山形のだしをのっけるとめちゃくちゃ美味い！これいついかなる舌のテンションでも食べれる味だ、美味しい！,ja,"SOCIALMEDIA,SOCIALMEDIA_BLUESKY",乃楠依生,ほんだし,1,False,82,False,twitter
https://detail.chiebukuro.yahoo.co.jp/qa/question_detail/q14314796499/725883421,25/05/10 01:02:00,カレーを作る際に「ブイヨン」を入れる必要ってありますか？,ブイヨンは入れなくても大丈夫ですが 入れた方が美味しくなります！ 私はコンソメやほんだし等入れて 隠し味で醤油少しとチョコレート1片 ニンニクや生姜にインスタントコーヒー小さじ1杯入れますが ビックリするほど美味しくなりますよ！！！ プロの隠し味では 上記は有名ですが とても美味しく出来上がります！！！ 是非機会が有れば 試してみて下さい！！！(^_-)-☆,ja,"MESSAGEBOARD,MESSAGEBOARD_OTHER",crys********,"ほんだし,コンソメ",2,True,180,False,messageboard
https://vnexplorer.net/%e3%81%a0%e3%81%97%e3%81%ae%e9%a2%a8%e5%91%b3%e3%82%92%e5%a0%aa%e8%83%bd%ef%bc%81%e3%80%8c%e3%82%81%e3%82%93%e3%81%a4%e3%82%86%e3%80%8d%e3%82%92%e4%bd%bf%e3%81%a3%e3%81%9f%e3%83%ac%e3%83%b3-s1411533.html,24/02/08 11:35:14,だしの風味を堪能！「めんつゆ」を使った“レンチンうどん”,だしの風味を堪能！「めんつゆ」を使った“レンチンうどん”  だしの旨味がギュッと濃縮された便利な調味料、めんつゆ。今回はそんなめんつゆを使ったさまざまな味付けのうどんをご紹介します。どのレシピも電子レンジで作れるのでとってもお手軽。忙しい日にもぴったりですよ。ぜひチェックしてみてくださいね！  肉うどん  めんつゆやほんだしを使った、だしの味わいがしっかりと感じられるうどんのレシピです。一口食べればほっとするやさしい味わい！難しい工程もないので、料理初心者さんにもおすすめのレシピです♪  みそ煮...,ja,"BLOG,BLOG_OTHER",VNExplorer,ほんだし,1,False,253,False,blog
http://twitter.com/web_head0704/status/2008515985519882313,26/01/06 21:28:22,,新潟展の時に当たった日高昆布が美味しくて昆布出汁に目覚めてしまった…今までほんだし使ってたけど昆布出汁から抜けられない…！ しゃぶしゃぶ！ 鍋汚くてすまんせん😂 https://t.co/iOY79YtjZ4,ja,"SOCIALMEDIA,SOCIALMEDIA_TWITTER",りんご🍎,ほんだし,1,False,104,False,twitter
https://bsky.app/profile/did:plc:xmx2tnifnebu4dk226klovpr/post/3lhnuy6kkss2b#3lhpqo2mcp62b,25/02/09 13:02:11,,RP @sorahune.bsky.social: 今夜はあっさり和風白菜スープで行きます。 まず、ニンジン、シラタキ、マイタケ、ネギを少し煮込んで、そこへ白菜の芯の部分を投入し、ちぢむまでグツグツやります。 スープの味付けは、ほんだしをベースに、あご出汁つゆと酒を加えて、あとは塩とハイミーを最後の調整に使う感じです。 白菜の葉っぱ部分を追加し、しんなりしたら一旦完成。 小一時間おいて味が緩むようなら調味料足すけど、グルタミン酸は白菜から大量に出た感じしたので、ハイミーは使わずに終わるかもわからん……,ja,"SOCIALMEDIA,SOCIALMEDIA_BLUESKY",安月風（3A）,ほんだし,1,False,253,True,twitter
http://twitter.com/printabetaina/status/2001419645408973117,25/12/18 07:30:02,,おはよう木曜日☀️ 大変な事が起きました😨💦 ほんだしをしまおうと台所の扉を開けたら… / 新品のほんだし入ってた！ \ しかも同じの…😐 酔っぱらいって怖いね🍺✨ どんだけ煮物作りたかったんだよ俺はーっ！！！！ ほんだし🎁しますよ🧑‍🎄🎄✨ https://t.co/R0ZwPvsDyk,ja,"SOCIALMEDIA,SOCIALMEDIA_TWITTER",ぷりん,ほんだし,1,False,145,False,twitter
https://detail.chiebukuro.yahoo.co.jp/qa/question_detail/q14317540054/731791116,25/07/16 13:49:00,●夏に食べたい、簡単な料理の詳細をお聞かせ下さい！,山形のだし。 オクラ、茄子、胡瓜、茗荷、大葉、あればがごめ昆布。 これらを細かく刻む。 茄子だけはアク抜きする。 後はこれに適当な調味料を入れて混ぜるたけ。 調味料は完全に好み、醤油ベースで酢、味醂、青じそドレッシング、本だし、味の素、ソース、白だし、めんつゆ等々で味付けすれば良いです。 個人的には、醤油に味の素だけと言うシンプルな形が好きです。 御飯にかけたり、冷奴にかけたり、カッペリーニに和えたりして食べると良いです。,ja,"MESSAGEBOARD,MESSAGEBOARD_OTHER",那謨,"味の素,ほんだし",2,True,213,False,messageboard
http://twitter.com/CuPteknrn/status/2010263900051386740,26/01/11 17:13:57,,ほんだしさん、いそいそとアクスタ取り出したと思ったらフロアに向けるんじゃなくて自分一人で独占しててビビった #声アソ https://t.co/LT3UZdjVZO,ja,"SOCIALMEDIA,SOCIALMEDIA_TWITTER",かしま,ほんだし,1,False,82,False,twitter
http://twitter.com/RAIN2081749/status/2006281792303833357,25/12/31 17:30:28,,@fenu57090 ほんだしとか使ったから30分くらいでできた,ja,"SOCIALMEDIA,SOCIALMEDIA_TWITTER",RAIN,ほんだし,1,False,32,False,twitter
http://twitter.com/Hosaki_menma240/status/2011064088366026979,26/01/13 22:13:37,,今日の 「俺つく」は お好み焼✨・・・風焼きwww コンビニの千切りキャベツと コンビニの豆腐と冷蔵庫の卵 ・・・と いつもお世話になっております ほんだし様 だけ‼️ で お好み焼みたいな・・・ ヘルシーだろ❓️ ヘルシーだと思うだろ❓️ 味がねーから ソースとマヨ ドバドバかけてやった‼️,ja,"SOCIALMEDIA,SOCIALMEDIA_TWITTER",ほさきメンマ,ほんだし,1,False,147,False,twitter
http://youtube.com/shorts/1X5M1PQYroQ#UgzM0--LhmmJBonOH494AaABAg.A2tm90XA-_fA2uFLyLn7xs,24/05/02 02:00:45,,すがちゃんには、ほんだし（本腰）入れて頑張って欲しいですね～,ja,"SOCIALMEDIA,SOCIALMEDIA_YOUTUBE",@うめーれーん,ほんだし,1,False,30,False,twitter
http://twitter.com/I2727I/status/2006210525101973924,25/12/31 12:47:17,,@KahoKaho283 レンジでチンしてからほんだしとごま油で和えるとめっちゃ美味いです,ja,"SOCIALMEDIA,SOCIALMEDIA_TWITTER",アイマイ,ほんだし,1,False,45,False,twitter
https://blog.goo.ne.jp/kennji_67/e/348ec775ed0fce93aaa5a1cc10cec06e,25/09/02 08:37:50,夕飯は豚汁でした - らくらく人生だー,９月１９日（金）夕飯は豚汁でした。  豚小間切れ肉・じゃがいも・人参・大根・ごぼう・れんこん  コンソメ固形・ほんだしの素・味噌,ja,"BLOG,BLOG_OTHER",kennji_67,"ほんだし,コンソメ",2,True,64,False,blog
http://twitter.com/Ri_fi_meet/status/2007423032953110932,26/01/03 21:05:21,,ほんだしがメインつゆなのに切れててキレそうだった 白だしと醤油でなんやかんやしてなんとか形にしたけども…,ja,"SOCIALMEDIA,SOCIALMEDIA_TWITTER",Rifim《りふぃむ》🥐🐟,ほんだし,1,False,52,False,twitter
https://recipe.rakuten.co.jp/recipe/1720067412/,24/11/19 08:28:01,旬のお野菜でᕷ* 小かぶと人参のお味噌汁ꕤ୭* レシピ・作り方,1  かぶは皮をむき16等分にくし切りにし、人参は半月切りにします。  2  油揚げは油抜きし水気を切って短冊切りにします。 3  鍋に１.と２.の材料と‪‪⭐を入れ煮立たせます。具材に火が通ったら味噌を溶き入れほんだし(仕上げ用)を加えて沸騰直前で火を止めます。  4  お椀に盛ったら出来上がりです！,ja,"ONLINENEWS,ONLINENEWS_OTHER","rakuten group, inc.",ほんだし,1,False,152,False,news
https://bsky.app/profile/did:plc:inljtcv7ydfdahfj35fjo4n3/post/3ltcak6fnts2d,25/07/06 21:11:24,,胃腸との対話の結果わたしも今晩はピーマンの焼き浸し（まだある）の皮はいで食べました あと絹豆腐にほんだしと水ぶっかけてチンして味噌といてまたチンしてねぎかけた、本当に何かわかんない湯豆腐のような極端に汁の少ない味噌汁のようななにか……,ja,"SOCIALMEDIA,SOCIALMEDIA_BLUESKY",ngs,ほんだし,1,False,117,False,twitter
